Data Point,Date,Time,AEROSOL mg/m^3
1,17/04/2017,16:21:00,0.022
2,17/04/2017,16:23:00,0.02
3,17/04/2017,16:25:00,0.019
4,17/04/2017,16:27:00,0.02
5,17/04/2017,16:29:00,0.02
6,17/04/2017,16:31:00,0.022
7,17/04/2017,16:33:00,0.022
8,17/04/2017,16:35:00,0.021
9,17/04/2017,16:37:00,0.023
10,17/04/2017,16:39:00,0.021
11,17/04/2017,16:41:00,0.022
12,17/04/2017,16:43:00,0.02
13,17/04/2017,16:45:00,0.022
14,17/04/2017,16:47:00,0.021
15,17/04/2017,16:49:00,0.021
16,17/04/2017,16:51:00,0.022
17,17/04/2017,16:53:00,0.021
18,17/04/2017,16:55:00,0.021
19,17/04/2017,16:57:00,0.022
20,17/04/2017,16:59:00,0.021
21,17/04/2017,17:01:00,0.022
22,17/04/2017,17:03:00,0.021
23,17/04/2017,17:05:00,0.021
24,17/04/2017,17:07:00,0.022
25,17/04/2017,17:09:00,0.022
26,17/04/2017,17:11:00,0.022
27,17/04/2017,17:13:00,0.021
28,17/04/2017,17:15:00,0.022
29,17/04/2017,17:17:00,0.022
30,17/04/2017,17:19:00,0.022
31,17/04/2017,17:21:00,0.021
32,17/04/2017,17:23:00,0.022
33,17/04/2017,17:25:00,0.021
34,17/04/2017,17:27:00,0.021
35,17/04/2017,17:29:00,0.021
36,17/04/2017,17:31:00,0.021
37,17/04/2017,17:33:00,0.022
38,17/04/2017,17:35:00,0.022
39,17/04/2017,17:37:00,0.022
40,17/04/2017,17:39:00,0.021
41,17/04/2017,17:41:00,0.021
42,17/04/2017,17:43:00,0.021
43,17/04/2017,17:45:00,0.021
44,17/04/2017,17:47:00,0.022
45,17/04/2017,17:49:00,0.02
46,17/04/2017,17:51:00,0.02
47,17/04/2017,17:53:00,0.02
48,17/04/2017,17:55:00,0.021
49,17/04/2017,17:57:00,0.021
50,17/04/2017,17:59:00,0.021
51,17/04/2017,18:01:00,0.021
52,17/04/2017,18:03:00,0.023
53,17/04/2017,18:05:00,0.022
54,17/04/2017,18:07:00,0.024
55,17/04/2017,18:09:00,0.023
56,17/04/2017,18:11:00,0.022
57,17/04/2017,18:13:00,0.022
58,17/04/2017,18:15:00,0.022
59,17/04/2017,18:17:00,0.022
60,17/04/2017,18:19:00,0.023
61,17/04/2017,18:21:00,0.023
62,17/04/2017,18:23:00,0.022
63,17/04/2017,18:25:00,0.021
64,17/04/2017,18:27:00,0.022
65,17/04/2017,18:29:00,0.022
66,17/04/2017,18:31:00,0.021
67,17/04/2017,18:33:00,0.022
68,17/04/2017,18:35:00,0.024
69,17/04/2017,18:37:00,0.022
70,17/04/2017,18:39:00,0.022
71,17/04/2017,18:41:00,0.022
72,17/04/2017,18:43:00,0.022
73,17/04/2017,18:45:00,0.022
74,17/04/2017,18:47:00,0.023
75,17/04/2017,18:49:00,0.023
76,17/04/2017,18:51:00,0.023
77,17/04/2017,18:53:00,0.022
78,17/04/2017,18:55:00,0.022
79,17/04/2017,18:57:00,0.02
80,17/04/2017,18:59:00,0.021
81,17/04/2017,19:01:00,0.019
82,17/04/2017,19:03:00,0.019
83,17/04/2017,19:05:00,0.019
84,17/04/2017,19:07:00,0.018
85,17/04/2017,19:09:00,0.019
86,17/04/2017,19:11:00,0.017
87,17/04/2017,19:13:00,0.017
88,17/04/2017,19:15:00,0.015
89,17/04/2017,19:17:00,0.015
90,17/04/2017,19:19:00,0.017
91,17/04/2017,19:21:00,0.015
92,17/04/2017,19:23:00,0.014
93,17/04/2017,19:25:00,0.014
94,17/04/2017,19:27:00,0.014
95,17/04/2017,19:29:00,0.014
96,17/04/2017,19:31:00,0.015
97,17/04/2017,19:33:00,0.015
98,17/04/2017,19:35:00,0.014
99,17/04/2017,19:37:00,0.014
100,17/04/2017,19:39:00,0.014
101,17/04/2017,19:41:00,0.014
102,17/04/2017,19:43:00,0.015
103,17/04/2017,19:45:00,0.015
104,17/04/2017,19:47:00,0.015
105,17/04/2017,19:49:00,0.014
106,17/04/2017,19:51:00,0.015
107,17/04/2017,19:53:00,0.016
108,17/04/2017,19:55:00,0.016
109,17/04/2017,19:57:00,0.016
110,17/04/2017,19:59:00,0.015
111,17/04/2017,20:01:00,0.016
112,17/04/2017,20:03:00,0.016
113,17/04/2017,20:05:00,0.015
114,17/04/2017,20:07:00,0.015
115,17/04/2017,20:09:00,0.016
116,17/04/2017,20:11:00,0.016
117,17/04/2017,20:13:00,0.016
118,17/04/2017,20:15:00,0.014
119,17/04/2017,20:17:00,0.016
120,17/04/2017,20:19:00,0.015
121,17/04/2017,20:21:00,0.016
122,17/04/2017,20:23:00,0.014
123,17/04/2017,20:25:00,0.014
124,17/04/2017,20:27:00,0.016
125,17/04/2017,20:29:00,0.015
126,17/04/2017,20:31:00,0.014
127,17/04/2017,20:33:00,0.014
128,17/04/2017,20:35:00,0.015
129,17/04/2017,20:37:00,0.014
130,17/04/2017,20:39:00,0.015
131,17/04/2017,20:41:00,0.014
132,17/04/2017,20:43:00,0.013
133,17/04/2017,20:45:00,0.014
134,17/04/2017,20:47:00,0.014
135,17/04/2017,20:49:00,0.013
136,17/04/2017,20:51:00,0.014
137,17/04/2017,20:53:00,0.014
138,17/04/2017,20:55:00,0.014
139,17/04/2017,20:57:00,0.013
140,17/04/2017,20:59:00,0.014
141,17/04/2017,21:01:00,0.014
142,17/04/2017,21:03:00,0.013
143,17/04/2017,21:05:00,0.013
144,17/04/2017,21:07:00,0.014
145,17/04/2017,21:09:00,0.013
146,17/04/2017,21:11:00,0.013
147,17/04/2017,21:13:00,0.014
148,17/04/2017,21:15:00,0.012
149,17/04/2017,21:17:00,0.013
150,17/04/2017,21:19:00,0.013
151,17/04/2017,21:21:00,0.013
152,17/04/2017,21:23:00,0.013
153,17/04/2017,21:25:00,0.013
154,17/04/2017,21:27:00,0.012
155,17/04/2017,21:29:00,0.012
156,17/04/2017,21:31:00,0.013
157,17/04/2017,21:33:00,0.012
158,17/04/2017,21:35:00,0.013
159,17/04/2017,21:37:00,0.012
160,17/04/2017,21:39:00,0.013
161,17/04/2017,21:41:00,0.013
162,17/04/2017,21:43:00,0.013
163,17/04/2017,21:45:00,0.013
164,17/04/2017,21:47:00,0.014
165,17/04/2017,21:49:00,0.013
166,17/04/2017,21:51:00,0.014
167,17/04/2017,21:53:00,0.013
168,17/04/2017,21:55:00,0.014
169,17/04/2017,21:57:00,0.014
170,17/04/2017,21:59:00,0.014
171,17/04/2017,22:01:00,0.012
172,17/04/2017,22:03:00,0.013
173,17/04/2017,22:05:00,0.015
174,17/04/2017,22:07:00,0.013
175,17/04/2017,22:09:00,0.013
176,17/04/2017,22:11:00,0.014
177,17/04/2017,22:13:00,0.013
178,17/04/2017,22:15:00,0.013
179,17/04/2017,22:17:00,0.013
180,17/04/2017,22:19:00,0.013
181,17/04/2017,22:21:00,0.014
182,17/04/2017,22:23:00,0.014
183,17/04/2017,22:25:00,0.014
184,17/04/2017,22:27:00,0.013
185,17/04/2017,22:29:00,0.014
186,17/04/2017,22:31:00,0.013
187,17/04/2017,22:33:00,0.012
188,17/04/2017,22:35:00,0.012
189,17/04/2017,22:37:00,0.013
190,17/04/2017,22:39:00,0.012
191,17/04/2017,22:41:00,0.012
192,17/04/2017,22:43:00,0.013
193,17/04/2017,22:45:00,0.013
194,17/04/2017,22:47:00,0.013
195,17/04/2017,22:49:00,0.013
196,17/04/2017,22:51:00,0.012
197,17/04/2017,22:53:00,0.012
198,17/04/2017,22:55:00,0.012
199,17/04/2017,22:57:00,0.012
200,17/04/2017,22:59:00,0.013
201,17/04/2017,23:01:00,0.012
202,17/04/2017,23:03:00,0.012
203,17/04/2017,23:05:00,0.013
204,17/04/2017,23:07:00,0.013
205,17/04/2017,23:09:00,0.012
206,17/04/2017,23:11:00,0.012
207,17/04/2017,23:13:00,0.013
208,17/04/2017,23:15:00,0.012
209,17/04/2017,23:17:00,0.012
210,17/04/2017,23:19:00,0.012
211,17/04/2017,23:21:00,0.012
212,17/04/2017,23:23:00,0.012
213,17/04/2017,23:25:00,0.012
214,17/04/2017,23:27:00,0.012
215,17/04/2017,23:29:00,0.012
216,17/04/2017,23:31:00,0.013
217,17/04/2017,23:33:00,0.013
218,17/04/2017,23:35:00,0.013
219,17/04/2017,23:37:00,0.014
220,17/04/2017,23:39:00,0.013
221,17/04/2017,23:41:00,0.014
222,17/04/2017,23:43:00,0.013
223,17/04/2017,23:45:00,0.014
224,17/04/2017,23:47:00,0.012
225,17/04/2017,23:49:00,0.013
226,17/04/2017,23:51:00,0.014
227,17/04/2017,23:53:00,0.013
228,17/04/2017,23:55:00,0.013
229,17/04/2017,23:57:00,0.013
230,17/04/2017,23:59:00,0.013
231,18/04/2017,0:01:00,0.013
232,18/04/2017,0:03:00,0.013
233,18/04/2017,0:05:00,0.013
234,18/04/2017,0:07:00,0.013
235,18/04/2017,0:09:00,0.013
236,18/04/2017,0:11:00,0.011
237,18/04/2017,0:13:00,0.013
238,18/04/2017,0:15:00,0.013
239,18/04/2017,0:17:00,0.013
240,18/04/2017,0:19:00,0.013
241,18/04/2017,0:21:00,0.014
242,18/04/2017,0:23:00,0.012
243,18/04/2017,0:25:00,0.012
244,18/04/2017,0:27:00,0.013
245,18/04/2017,0:29:00,0.012
246,18/04/2017,0:31:00,0.013
247,18/04/2017,0:33:00,0.012
248,18/04/2017,0:35:00,0.013
249,18/04/2017,0:37:00,0.014
250,18/04/2017,0:39:00,0.013
251,18/04/2017,0:41:00,0.013
252,18/04/2017,0:43:00,0.013
253,18/04/2017,0:45:00,0.013
254,18/04/2017,0:47:00,0.014
255,18/04/2017,0:49:00,0.013
256,18/04/2017,0:51:00,0.013
257,18/04/2017,0:53:00,0.014
258,18/04/2017,0:55:00,0.014
259,18/04/2017,0:57:00,0.016
260,18/04/2017,0:59:00,0.014
261,18/04/2017,1:01:00,0.013
262,18/04/2017,1:03:00,0.015
263,18/04/2017,1:05:00,0.014
264,18/04/2017,1:07:00,0.015
265,18/04/2017,1:09:00,0.015
266,18/04/2017,1:11:00,0.015
267,18/04/2017,1:13:00,0.014
268,18/04/2017,1:15:00,0.014
269,18/04/2017,1:17:00,0.014
270,18/04/2017,1:19:00,0.014
271,18/04/2017,1:21:00,0.014
272,18/04/2017,1:23:00,0.015
273,18/04/2017,1:25:00,0.014
274,18/04/2017,1:27:00,0.015
275,18/04/2017,1:29:00,0.015
276,18/04/2017,1:31:00,0.015
277,18/04/2017,1:33:00,0.016
278,18/04/2017,1:35:00,0.015
279,18/04/2017,1:37:00,0.014
280,18/04/2017,1:39:00,0.015
281,18/04/2017,1:41:00,0.015
282,18/04/2017,1:43:00,0.015
283,18/04/2017,1:45:00,0.013
284,18/04/2017,1:47:00,0.014
285,18/04/2017,1:49:00,0.015
286,18/04/2017,1:51:00,0.014
287,18/04/2017,1:53:00,0.014
288,18/04/2017,1:55:00,0.015
289,18/04/2017,1:57:00,0.014
290,18/04/2017,1:59:00,0.014
291,18/04/2017,2:01:00,0.014
292,18/04/2017,2:03:00,0.016
293,18/04/2017,2:05:00,0.014
294,18/04/2017,2:07:00,0.015
295,18/04/2017,2:09:00,0.015
296,18/04/2017,2:11:00,0.015
297,18/04/2017,2:13:00,0.014
298,18/04/2017,2:15:00,0.015
299,18/04/2017,2:17:00,0.015
300,18/04/2017,2:19:00,0.015
301,18/04/2017,2:21:00,0.016
302,18/04/2017,2:23:00,0.016
303,18/04/2017,2:25:00,0.014
304,18/04/2017,2:27:00,0.015
305,18/04/2017,2:29:00,0.015
306,18/04/2017,2:31:00,0.015
307,18/04/2017,2:33:00,0.015
308,18/04/2017,2:35:00,0.015
309,18/04/2017,2:37:00,0.014
310,18/04/2017,2:39:00,0.015
311,18/04/2017,2:41:00,0.016
312,18/04/2017,2:43:00,0.015
313,18/04/2017,2:45:00,0.015
314,18/04/2017,2:47:00,0.015
315,18/04/2017,2:49:00,0.015
316,18/04/2017,2:51:00,0.015
317,18/04/2017,2:53:00,0.015
318,18/04/2017,2:55:00,0.015
319,18/04/2017,2:57:00,0.015
320,18/04/2017,2:59:00,0.016
321,18/04/2017,3:01:00,0.016
322,18/04/2017,3:03:00,0.015
323,18/04/2017,3:05:00,0.014
324,18/04/2017,3:07:00,0.015
325,18/04/2017,3:09:00,0.015
326,18/04/2017,3:11:00,0.015
327,18/04/2017,3:13:00,0.014
328,18/04/2017,3:15:00,0.014
329,18/04/2017,3:17:00,0.014
330,18/04/2017,3:19:00,0.015
331,18/04/2017,3:21:00,0.014
332,18/04/2017,3:23:00,0.014
333,18/04/2017,3:25:00,0.014
334,18/04/2017,3:27:00,0.015
335,18/04/2017,3:29:00,0.015
336,18/04/2017,3:31:00,0.015
337,18/04/2017,3:33:00,0.015
338,18/04/2017,3:35:00,0.015
339,18/04/2017,3:37:00,0.014
340,18/04/2017,3:39:00,0.015
341,18/04/2017,3:41:00,0.014
342,18/04/2017,3:43:00,0.014
343,18/04/2017,3:45:00,0.014
344,18/04/2017,3:47:00,0.014
345,18/04/2017,3:49:00,0.014
346,18/04/2017,3:51:00,0.014
347,18/04/2017,3:53:00,0.014
348,18/04/2017,3:55:00,0.015
349,18/04/2017,3:57:00,0.015
350,18/04/2017,3:59:00,0.015
351,18/04/2017,4:01:00,0.016
352,18/04/2017,4:03:00,0.015
353,18/04/2017,4:05:00,0.015
354,18/04/2017,4:07:00,0.016
355,18/04/2017,4:09:00,0.015
356,18/04/2017,4:11:00,0.015
357,18/04/2017,4:13:00,0.015
358,18/04/2017,4:15:00,0.015
359,18/04/2017,4:17:00,0.017
360,18/04/2017,4:19:00,0.016
361,18/04/2017,4:21:00,0.017
362,18/04/2017,4:23:00,0.016
363,18/04/2017,4:25:00,0.017
364,18/04/2017,4:27:00,0.017
365,18/04/2017,4:29:00,0.017
366,18/04/2017,4:31:00,0.018
367,18/04/2017,4:33:00,0.016
368,18/04/2017,4:35:00,0.017
369,18/04/2017,4:37:00,0.019
370,18/04/2017,4:39:00,0.018
371,18/04/2017,4:41:00,0.017
372,18/04/2017,4:43:00,0.018
373,18/04/2017,4:45:00,0.017
374,18/04/2017,4:47:00,0.018
375,18/04/2017,4:49:00,0.025
376,18/04/2017,4:51:00,0.033
377,18/04/2017,4:53:00,0.027
378,18/04/2017,4:55:00,0.028
379,18/04/2017,4:57:00,0.027
380,18/04/2017,4:59:00,0.026
381,18/04/2017,5:01:00,0.024
382,18/04/2017,5:03:00,0.022
383,18/04/2017,5:05:00,0.021
384,18/04/2017,5:07:00,0.02
385,18/04/2017,5:09:00,0.02
386,18/04/2017,5:11:00,0.021
387,18/04/2017,5:13:00,0.019
388,18/04/2017,5:15:00,0.02
389,18/04/2017,5:17:00,0.019
390,18/04/2017,5:19:00,0.018
391,18/04/2017,5:21:00,0.019
392,18/04/2017,5:23:00,0.018
393,18/04/2017,5:25:00,0.02
394,18/04/2017,5:27:00,0.021
395,18/04/2017,5:29:00,0.02
396,18/04/2017,5:31:00,0.02
397,18/04/2017,5:33:00,0.02
398,18/04/2017,5:35:00,0.02
399,18/04/2017,5:37:00,0.02
400,18/04/2017,5:39:00,0.019
401,18/04/2017,5:41:00,0.019
402,18/04/2017,5:43:00,0.019
403,18/04/2017,5:45:00,0.019
404,18/04/2017,5:47:00,0.019
405,18/04/2017,5:49:00,0.017
406,18/04/2017,5:51:00,0.018
407,18/04/2017,5:53:00,0.018
408,18/04/2017,5:55:00,0.018
409,18/04/2017,5:57:00,0.018
410,18/04/2017,5:59:00,0.018
411,18/04/2017,6:01:00,0.018
412,18/04/2017,6:03:00,0.018
413,18/04/2017,6:05:00,0.018
414,18/04/2017,6:07:00,0.017
415,18/04/2017,6:09:00,0.018
416,18/04/2017,6:11:00,0.017
417,18/04/2017,6:13:00,0.017
418,18/04/2017,6:15:00,0.017
419,18/04/2017,6:17:00,0.017
420,18/04/2017,6:19:00,0.017
421,18/04/2017,6:21:00,0.017
422,18/04/2017,6:23:00,0.017
423,18/04/2017,6:25:00,0.016
424,18/04/2017,6:27:00,0.017
425,18/04/2017,6:29:00,0.017
426,18/04/2017,6:31:00,0.016
427,18/04/2017,6:33:00,0.017
428,18/04/2017,6:35:00,0.016
429,18/04/2017,6:37:00,0.017
430,18/04/2017,6:39:00,0.016
431,18/04/2017,6:41:00,0.015
432,18/04/2017,6:43:00,0.017
433,18/04/2017,6:45:00,0.017
434,18/04/2017,6:47:00,0.015
435,18/04/2017,6:49:00,0.015
436,18/04/2017,6:51:00,0.016
437,18/04/2017,6:53:00,0.015
438,18/04/2017,6:55:00,0.015
439,18/04/2017,6:57:00,0.015
440,18/04/2017,6:59:00,0.015
441,18/04/2017,7:01:00,0.015
442,18/04/2017,7:03:00,0.015
443,18/04/2017,7:05:00,0.015
444,18/04/2017,7:07:00,0.014
445,18/04/2017,7:09:00,0.014
446,18/04/2017,7:11:00,0.015
447,18/04/2017,7:13:00,0.014
448,18/04/2017,7:15:00,0.014
449,18/04/2017,7:17:00,0.014
450,18/04/2017,7:19:00,0.015
451,18/04/2017,7:21:00,0.015
452,18/04/2017,7:23:00,0.015
453,18/04/2017,7:25:00,0.014
454,18/04/2017,7:27:00,0.014
455,18/04/2017,7:29:00,0.015
456,18/04/2017,7:31:00,0.016
457,18/04/2017,7:33:00,0.016
458,18/04/2017,7:35:00,0.017
459,18/04/2017,7:37:00,0.018
460,18/04/2017,7:39:00,0.018
461,18/04/2017,7:41:00,0.019
462,18/04/2017,7:43:00,0.021
463,18/04/2017,7:45:00,0.022
464,18/04/2017,7:47:00,0.023
465,18/04/2017,7:49:00,0.023
466,18/04/2017,7:51:00,0.023
467,18/04/2017,7:53:00,0.023
468,18/04/2017,7:55:00,0.023
469,18/04/2017,7:57:00,0.024
470,18/04/2017,7:59:00,0.024
471,18/04/2017,8:01:00,0.022
472,18/04/2017,8:03:00,0.022
473,18/04/2017,8:05:00,0.022
474,18/04/2017,8:07:00,0.022
475,18/04/2017,8:09:00,0.021
476,18/04/2017,8:11:00,0.021
477,18/04/2017,8:13:00,0.021
478,18/04/2017,8:15:00,0.021
479,18/04/2017,8:17:00,0.021
480,18/04/2017,8:19:00,0.022
481,18/04/2017,8:21:00,0.023
482,18/04/2017,8:23:00,0.023
483,18/04/2017,8:25:00,0.022
484,18/04/2017,8:27:00,0.023
485,18/04/2017,8:29:00,0.028
486,18/04/2017,8:31:00,0.029
487,18/04/2017,8:33:00,0.027
488,18/04/2017,8:35:00,0.027
489,18/04/2017,8:37:00,0.027
490,18/04/2017,8:39:00,0.028
491,18/04/2017,8:41:00,0.027
492,18/04/2017,8:43:00,0.026
493,18/04/2017,8:45:00,0.025
494,18/04/2017,8:47:00,0.029
495,18/04/2017,8:49:00,0.036
496,18/04/2017,8:51:00,0.038
497,18/04/2017,8:53:00,0.035
498,18/04/2017,8:55:00,0.043
499,18/04/2017,8:57:00,0.044
500,18/04/2017,8:59:00,0.046
501,18/04/2017,9:01:00,0.043
502,18/04/2017,9:03:00,0.044
503,18/04/2017,9:05:00,0.041
504,18/04/2017,9:07:00,0.043
505,18/04/2017,9:09:00,0.043
506,18/04/2017,9:11:00,0.044
507,18/04/2017,9:13:00,0.041
508,18/04/2017,9:15:00,0.043
509,18/04/2017,9:17:00,0.044
510,18/04/2017,9:19:00,0.043
511,18/04/2017,9:21:00,0.042
512,18/04/2017,9:23:00,0.042
513,18/04/2017,9:25:00,0.041
514,18/04/2017,9:27:00,0.041
515,18/04/2017,9:29:00,0.042
516,18/04/2017,9:31:00,0.044
517,18/04/2017,9:33:00,0.042
518,18/04/2017,9:35:00,0.039
519,18/04/2017,9:37:00,0.04
520,18/04/2017,9:39:00,0.038
521,18/04/2017,9:41:00,0.038
522,18/04/2017,9:43:00,0.036
523,18/04/2017,9:45:00,0.036
524,18/04/2017,9:47:00,0.036
525,18/04/2017,9:49:00,0.034
526,18/04/2017,9:51:00,0.03
527,18/04/2017,9:53:00,0.031
528,18/04/2017,9:55:00,0.027
529,18/04/2017,9:57:00,0.027
530,18/04/2017,9:59:00,0.027
531,18/04/2017,10:01:00,0.028
532,18/04/2017,10:03:00,0.028
533,18/04/2017,10:05:00,0.028
534,18/04/2017,10:07:00,0.029
535,18/04/2017,10:09:00,0.028
536,18/04/2017,10:11:00,0.028
537,18/04/2017,10:13:00,0.028
538,18/04/2017,10:15:00,0.029
539,18/04/2017,10:17:00,0.028
540,18/04/2017,10:19:00,0.03
541,18/04/2017,10:21:00,0.028
542,18/04/2017,10:23:00,0.028
543,18/04/2017,10:25:00,0.028
544,18/04/2017,10:27:00,0.027
545,18/04/2017,10:29:00,0.027
546,18/04/2017,10:31:00,0.026
547,18/04/2017,10:33:00,0.027
548,18/04/2017,10:35:00,0.027
549,18/04/2017,10:37:00,0.025
550,18/04/2017,10:39:00,0.026
551,18/04/2017,10:41:00,0.027
552,18/04/2017,10:43:00,0.026
553,18/04/2017,10:45:00,0.025
554,18/04/2017,10:47:00,0.025
555,18/04/2017,10:49:00,0.025
556,18/04/2017,10:51:00,0.028
557,18/04/2017,10:53:00,0.027
558,18/04/2017,10:55:00,0.028
559,18/04/2017,10:57:00,0.027
560,18/04/2017,10:59:00,0.027
561,18/04/2017,11:01:00,0.027
562,18/04/2017,11:03:00,0.028
563,18/04/2017,11:05:00,0.028
564,18/04/2017,11:07:00,0.029
565,18/04/2017,11:09:00,0.029
566,18/04/2017,11:11:00,0.03
567,18/04/2017,11:13:00,0.028
568,18/04/2017,11:15:00,0.029
569,18/04/2017,11:17:00,0.031
570,18/04/2017,11:19:00,0.032
571,18/04/2017,11:21:00,0.031
572,18/04/2017,11:23:00,0.033
573,18/04/2017,11:25:00,0.034
574,18/04/2017,11:27:00,0.033
575,18/04/2017,11:29:00,0.033
576,18/04/2017,11:31:00,0.033
577,18/04/2017,11:33:00,0.033
578,18/04/2017,11:35:00,0.034
579,18/04/2017,11:37:00,0.033
580,18/04/2017,11:39:00,0.033
581,18/04/2017,11:41:00,0.032
582,18/04/2017,11:43:00,0.035
583,18/04/2017,11:45:00,0.032
584,18/04/2017,11:47:00,0.032
585,18/04/2017,11:49:00,0.032
586,18/04/2017,11:51:00,0.034
587,18/04/2017,11:53:00,0.032
588,18/04/2017,11:55:00,0.032
589,18/04/2017,11:57:00,0.031
590,18/04/2017,11:59:00,0.031
591,18/04/2017,12:01:00,0.031
592,18/04/2017,12:03:00,0.031
593,18/04/2017,12:05:00,0.031
594,18/04/2017,12:07:00,0.032
595,18/04/2017,12:09:00,0.031
596,18/04/2017,12:11:00,0.03
597,18/04/2017,12:13:00,0.03
598,18/04/2017,12:15:00,0.03
599,18/04/2017,12:17:00,0.03
600,18/04/2017,12:19:00,0.029
601,18/04/2017,12:21:00,0.029
602,18/04/2017,12:23:00,0.029
603,18/04/2017,12:25:00,0.029
604,18/04/2017,12:27:00,0.029
605,18/04/2017,12:29:00,0.029
606,18/04/2017,12:31:00,0.028
607,18/04/2017,12:33:00,0.03
608,18/04/2017,12:35:00,0.029
609,18/04/2017,12:37:00,0.029
610,18/04/2017,12:39:00,0.028
611,18/04/2017,12:41:00,0.027
612,18/04/2017,12:43:00,0.027
613,18/04/2017,12:45:00,0.027
614,18/04/2017,12:47:00,0.026
615,18/04/2017,12:49:00,0.024
616,18/04/2017,12:51:00,0.023
617,18/04/2017,12:53:00,0.023
618,18/04/2017,12:55:00,0.023
619,18/04/2017,12:57:00,0.023
620,18/04/2017,12:59:00,0.023
621,18/04/2017,13:01:00,0.022
622,18/04/2017,13:03:00,0.021
623,18/04/2017,13:05:00,0.022
624,18/04/2017,13:07:00,0.022
625,18/04/2017,13:09:00,0.022
626,18/04/2017,13:11:00,0.02
627,18/04/2017,13:13:00,0.021
628,18/04/2017,13:15:00,0.02
629,18/04/2017,13:17:00,0.02
630,18/04/2017,13:19:00,0.018
631,18/04/2017,13:21:00,0.018
632,18/04/2017,13:23:00,0.018
633,18/04/2017,13:25:00,0.018
634,18/04/2017,13:27:00,0.017
635,18/04/2017,13:29:00,0.017
636,18/04/2017,13:31:00,0.017
637,18/04/2017,13:33:00,0.018
638,18/04/2017,13:35:00,0.017
639,18/04/2017,13:37:00,0.017
640,18/04/2017,13:39:00,0.017
641,18/04/2017,13:41:00,0.016
642,18/04/2017,13:43:00,0.017
643,18/04/2017,13:45:00,0.016
644,18/04/2017,13:47:00,0.017
645,18/04/2017,13:49:00,0.017
646,18/04/2017,13:51:00,0.016
647,18/04/2017,13:53:00,0.017
648,18/04/2017,13:55:00,0.016
649,18/04/2017,13:57:00,0.016
650,18/04/2017,13:59:00,0.018
651,18/04/2017,14:01:00,0.019
652,18/04/2017,14:03:00,0.017
653,18/04/2017,14:05:00,0.018
654,18/04/2017,14:07:00,0.017
655,18/04/2017,14:09:00,0.017
656,18/04/2017,14:11:00,0.018
657,18/04/2017,14:13:00,0.019
658,18/04/2017,14:15:00,0.019
659,18/04/2017,14:17:00,0.019
660,18/04/2017,14:19:00,0.018
661,18/04/2017,14:21:00,0.018
662,18/04/2017,14:23:00,0.018
663,18/04/2017,14:25:00,0.017
664,18/04/2017,14:27:00,0.018
665,18/04/2017,14:29:00,0.052
666,18/04/2017,14:31:00,0.035
667,18/04/2017,14:33:00,0.035
668,18/04/2017,14:35:00,0.032
669,18/04/2017,14:37:00,0.034
670,18/04/2017,14:39:00,0.03
671,18/04/2017,14:41:00,0.027
672,18/04/2017,14:43:00,0.024
673,18/04/2017,14:45:00,0.024
674,18/04/2017,14:47:00,0.02
675,18/04/2017,14:49:00,0.021
676,18/04/2017,14:51:00,0.021
677,18/04/2017,14:53:00,0.02
678,18/04/2017,14:55:00,0.017
679,18/04/2017,14:57:00,0.017
680,18/04/2017,14:59:00,0.017
681,18/04/2017,15:01:00,0.019
682,18/04/2017,15:03:00,0.018
683,18/04/2017,15:05:00,0.017
684,18/04/2017,15:07:00,0.018
685,18/04/2017,15:09:00,0.016
686,18/04/2017,15:11:00,0.017
687,18/04/2017,15:13:00,0.016
688,18/04/2017,15:15:00,0.016
689,18/04/2017,15:17:00,0.016
690,18/04/2017,15:19:00,0.017
691,18/04/2017,15:21:00,0.016
692,18/04/2017,15:23:00,0.017
693,18/04/2017,15:25:00,0.017
694,18/04/2017,15:27:00,0.018
695,18/04/2017,15:29:00,0.017
696,18/04/2017,15:31:00,0.017
697,18/04/2017,15:33:00,0.017
698,18/04/2017,15:35:00,0.017
699,18/04/2017,15:37:00,0.017
700,18/04/2017,15:39:00,0.018
701,18/04/2017,15:41:00,0.018
702,18/04/2017,15:43:00,0.018
703,18/04/2017,15:45:00,0.018
704,18/04/2017,15:47:00,0.019
705,18/04/2017,15:49:00,0.018
706,18/04/2017,15:51:00,0.019
707,18/04/2017,15:53:00,0.02
708,18/04/2017,15:55:00,0.021
709,18/04/2017,15:57:00,0.021
710,18/04/2017,15:59:00,0.02
711,18/04/2017,16:01:00,0.02
712,18/04/2017,16:03:00,0.02
713,18/04/2017,16:05:00,0.02
714,18/04/2017,16:07:00,0.018
715,18/04/2017,16:09:00,0.019
716,18/04/2017,16:11:00,0.018
717,18/04/2017,16:13:00,0.018
718,18/04/2017,16:15:00,0.019
719,18/04/2017,16:17:00,0.017
720,18/04/2017,16:19:00,0.018
1,18/04/2017,16:26:00,0.017
2,18/04/2017,16:28:00,0.018
3,18/04/2017,16:30:00,0.017
4,18/04/2017,16:32:00,0.017
5,18/04/2017,16:34:00,0.018
6,18/04/2017,16:36:00,0.018
7,18/04/2017,16:38:00,0.017
8,18/04/2017,16:40:00,0.018
9,18/04/2017,16:42:00,0.017
10,18/04/2017,16:44:00,0.017
11,18/04/2017,16:46:00,0.018
12,18/04/2017,16:48:00,0.018
13,18/04/2017,16:50:00,0.017
14,18/04/2017,16:52:00,0.017
15,18/04/2017,16:54:00,0.017
16,18/04/2017,16:56:00,0.018
17,18/04/2017,16:58:00,0.018
18,18/04/2017,17:00:00,0.019
19,18/04/2017,17:02:00,0.019
20,18/04/2017,17:04:00,0.02
21,18/04/2017,17:06:00,0.018
22,18/04/2017,17:08:00,0.019
23,18/04/2017,17:10:00,0.019
24,18/04/2017,17:12:00,0.02
25,18/04/2017,17:14:00,0.019
26,18/04/2017,17:16:00,0.02
27,18/04/2017,17:18:00,0.018
28,18/04/2017,17:20:00,0.019
29,18/04/2017,17:22:00,0.022
30,18/04/2017,17:24:00,0.02
31,18/04/2017,17:26:00,0.02
32,18/04/2017,17:28:00,0.02
33,18/04/2017,17:30:00,0.019
34,18/04/2017,17:32:00,0.019
35,18/04/2017,17:34:00,0.021
36,18/04/2017,17:36:00,0.02
37,18/04/2017,17:38:00,0.02
38,18/04/2017,17:40:00,0.02
39,18/04/2017,17:42:00,0.02
40,18/04/2017,17:44:00,0.02
41,18/04/2017,17:46:00,0.021
42,18/04/2017,17:48:00,0.02
43,18/04/2017,17:50:00,0.019
44,18/04/2017,17:52:00,0.02
45,18/04/2017,17:54:00,0.02
46,18/04/2017,17:56:00,0.02
47,18/04/2017,17:58:00,0.022
48,18/04/2017,18:00:00,0.02
49,18/04/2017,18:02:00,0.021
50,18/04/2017,18:04:00,0.021
51,18/04/2017,18:06:00,0.02
52,18/04/2017,18:08:00,0.022
53,18/04/2017,18:10:00,0.02
54,18/04/2017,18:12:00,0.021
55,18/04/2017,18:14:00,0.02
56,18/04/2017,18:16:00,0.019
57,18/04/2017,18:18:00,0.02
58,18/04/2017,18:20:00,0.021
59,18/04/2017,18:22:00,0.019
60,18/04/2017,18:24:00,0.02
61,18/04/2017,18:26:00,0.019
62,18/04/2017,18:28:00,0.02
63,18/04/2017,18:30:00,0.02
64,18/04/2017,18:32:00,0.02
65,18/04/2017,18:34:00,0.019
66,18/04/2017,18:36:00,0.019
67,18/04/2017,18:38:00,0.019
68,18/04/2017,18:40:00,0.019
69,18/04/2017,18:42:00,0.018
70,18/04/2017,18:44:00,0.018
71,18/04/2017,18:46:00,0.02
72,18/04/2017,18:48:00,0.018
73,18/04/2017,18:50:00,0.02
74,18/04/2017,18:52:00,0.018
75,18/04/2017,18:54:00,0.017
76,18/04/2017,18:56:00,0.019
77,18/04/2017,18:58:00,0.02
78,18/04/2017,19:00:00,0.019
79,18/04/2017,19:02:00,0.018
80,18/04/2017,19:04:00,0.018
81,18/04/2017,19:06:00,0.019
82,18/04/2017,19:08:00,0.019
83,18/04/2017,19:10:00,0.02
84,18/04/2017,19:12:00,0.02
85,18/04/2017,19:14:00,0.02
86,18/04/2017,19:16:00,0.019
87,18/04/2017,19:18:00,0.019
88,18/04/2017,19:20:00,0.019
89,18/04/2017,19:22:00,0.019
90,18/04/2017,19:24:00,0.02
91,18/04/2017,19:26:00,0.019
92,18/04/2017,19:28:00,0.02
93,18/04/2017,19:30:00,0.021
94,18/04/2017,19:32:00,0.021
95,18/04/2017,19:34:00,0.021
96,18/04/2017,19:36:00,0.02
97,18/04/2017,19:38:00,0.021
98,18/04/2017,19:40:00,0.02
99,18/04/2017,19:42:00,0.02
100,18/04/2017,19:44:00,0.02
101,18/04/2017,19:46:00,0.02
102,18/04/2017,19:48:00,0.018
103,18/04/2017,19:50:00,0.018
104,18/04/2017,19:52:00,0.017
105,18/04/2017,19:54:00,0.017
106,18/04/2017,19:56:00,0.016
107,18/04/2017,19:58:00,0.016
108,18/04/2017,20:00:00,0.015
109,18/04/2017,20:02:00,0.015
110,18/04/2017,20:04:00,0.014
111,18/04/2017,20:06:00,0.013
112,18/04/2017,20:08:00,0.015
113,18/04/2017,20:10:00,0.015
114,18/04/2017,20:12:00,0.018
115,18/04/2017,20:14:00,0.017
116,18/04/2017,20:16:00,0.02
117,18/04/2017,20:18:00,0.02
118,18/04/2017,20:20:00,0.019
119,18/04/2017,20:22:00,0.017
120,18/04/2017,20:24:00,0.018
121,18/04/2017,20:26:00,0.018
122,18/04/2017,20:28:00,0.018
123,18/04/2017,20:30:00,0.017
124,18/04/2017,20:32:00,0.017
125,18/04/2017,20:34:00,0.017
126,18/04/2017,20:36:00,0.023
127,18/04/2017,20:38:00,0.026
128,18/04/2017,20:40:00,0.025
129,18/04/2017,20:42:00,0.024
130,18/04/2017,20:44:00,0.023
131,18/04/2017,20:46:00,0.019
132,18/04/2017,20:48:00,0.02
133,18/04/2017,20:50:00,0.019
134,18/04/2017,20:52:00,0.019
135,18/04/2017,20:54:00,0.02
136,18/04/2017,20:56:00,0.021
137,18/04/2017,20:58:00,0.02
138,18/04/2017,21:00:00,0.02
139,18/04/2017,21:02:00,0.019
140,18/04/2017,21:04:00,0.018
141,18/04/2017,21:06:00,0.017
142,18/04/2017,21:08:00,0.017
143,18/04/2017,21:10:00,0.016
144,18/04/2017,21:12:00,0.016
145,18/04/2017,21:14:00,0.016
146,18/04/2017,21:16:00,0.015
147,18/04/2017,21:18:00,0.015
148,18/04/2017,21:20:00,0.014
149,18/04/2017,21:22:00,0.014
150,18/04/2017,21:24:00,0.013
151,18/04/2017,21:26:00,0.013
152,18/04/2017,21:28:00,0.015
153,18/04/2017,21:30:00,0.015
154,18/04/2017,21:32:00,0.015
155,18/04/2017,21:34:00,0.017
156,18/04/2017,21:36:00,0.016
157,18/04/2017,21:38:00,0.016
158,18/04/2017,21:40:00,0.016
159,18/04/2017,21:42:00,0.019
160,18/04/2017,21:44:00,0.019
161,18/04/2017,21:46:00,0.023
162,18/04/2017,21:48:00,0.019
163,18/04/2017,21:50:00,0.018
164,18/04/2017,21:52:00,0.017
165,18/04/2017,21:54:00,0.017
166,18/04/2017,21:56:00,0.017
167,18/04/2017,21:58:00,0.016
168,18/04/2017,22:00:00,0.015
169,18/04/2017,22:02:00,0.015
170,18/04/2017,22:04:00,0.014
171,18/04/2017,22:06:00,0.013
172,18/04/2017,22:08:00,0.014
173,18/04/2017,22:10:00,0.012
174,18/04/2017,22:12:00,0.013
175,18/04/2017,22:14:00,0.013
176,18/04/2017,22:16:00,0.012
177,18/04/2017,22:18:00,0.012
178,18/04/2017,22:20:00,0.012
179,18/04/2017,22:22:00,0.012
180,18/04/2017,22:24:00,0.011
181,18/04/2017,22:26:00,0.011
182,18/04/2017,22:28:00,0.011
183,18/04/2017,22:30:00,0.012
184,18/04/2017,22:32:00,0.012
185,18/04/2017,22:34:00,0.012
186,18/04/2017,22:36:00,0.012
187,18/04/2017,22:38:00,0.012
188,18/04/2017,22:40:00,0.012
189,18/04/2017,22:42:00,0.013
190,18/04/2017,22:44:00,0.012
191,18/04/2017,22:46:00,0.012
192,18/04/2017,22:48:00,0.012
193,18/04/2017,22:50:00,0.012
194,18/04/2017,22:52:00,0.012
195,18/04/2017,22:54:00,0.012
196,18/04/2017,22:56:00,0.013
197,18/04/2017,22:58:00,0.013
198,18/04/2017,23:00:00,0.012
199,18/04/2017,23:02:00,0.012
200,18/04/2017,23:04:00,0.011
201,18/04/2017,23:06:00,0.012
202,18/04/2017,23:08:00,0.012
203,18/04/2017,23:10:00,0.014
204,18/04/2017,23:12:00,0.013
205,18/04/2017,23:14:00,0.013
206,18/04/2017,23:16:00,0.012
207,18/04/2017,23:18:00,0.012
208,18/04/2017,23:20:00,0.012
209,18/04/2017,23:22:00,0.011
210,18/04/2017,23:24:00,0.012
211,18/04/2017,23:26:00,0.011
212,18/04/2017,23:28:00,0.012
213,18/04/2017,23:30:00,0.011
214,18/04/2017,23:32:00,0.011
215,18/04/2017,23:34:00,0.012
216,18/04/2017,23:36:00,0.011
217,18/04/2017,23:38:00,0.011
218,18/04/2017,23:40:00,0.011
219,18/04/2017,23:42:00,0.011
220,18/04/2017,23:44:00,0.011
221,18/04/2017,23:46:00,0.011
222,18/04/2017,23:48:00,0.011
223,18/04/2017,23:50:00,0.011
224,18/04/2017,23:52:00,0.01
225,18/04/2017,23:54:00,0.01
226,18/04/2017,23:56:00,0.01
227,18/04/2017,23:58:00,0.009
228,19/04/2017,0:00:00,0.01
229,19/04/2017,0:02:00,0.01
230,19/04/2017,0:04:00,0.01
231,19/04/2017,0:06:00,0.01
232,19/04/2017,0:08:00,0.009
233,19/04/2017,0:10:00,0.008
234,19/04/2017,0:12:00,0.008
235,19/04/2017,0:14:00,0.008
236,19/04/2017,0:16:00,0.007
237,19/04/2017,0:18:00,0.008
238,19/04/2017,0:20:00,0.007
239,19/04/2017,0:22:00,0.008
240,19/04/2017,0:24:00,0.009
241,19/04/2017,0:26:00,0.008
242,19/04/2017,0:28:00,0.009
243,19/04/2017,0:30:00,0.008
244,19/04/2017,0:32:00,0.009
245,19/04/2017,0:34:00,0.009
246,19/04/2017,0:36:00,0.009
247,19/04/2017,0:38:00,0.009
248,19/04/2017,0:40:00,0.009
249,19/04/2017,0:42:00,0.009
250,19/04/2017,0:44:00,0.009
251,19/04/2017,0:46:00,0.009
252,19/04/2017,0:48:00,0.009
253,19/04/2017,0:50:00,0.009
254,19/04/2017,0:52:00,0.009
255,19/04/2017,0:54:00,0.009
256,19/04/2017,0:56:00,0.009
257,19/04/2017,0:58:00,0.009
258,19/04/2017,1:00:00,0.009
259,19/04/2017,1:02:00,0.009
260,19/04/2017,1:04:00,0.008
261,19/04/2017,1:06:00,0.009
262,19/04/2017,1:08:00,0.008
263,19/04/2017,1:10:00,0.009
264,19/04/2017,1:12:00,0.008
265,19/04/2017,1:14:00,0.008
266,19/04/2017,1:16:00,0.008
267,19/04/2017,1:18:00,0.008
268,19/04/2017,1:20:00,0.008
269,19/04/2017,1:22:00,0.009
270,19/04/2017,1:24:00,0.009
271,19/04/2017,1:26:00,0.008
272,19/04/2017,1:28:00,0.008
273,19/04/2017,1:30:00,0.008
274,19/04/2017,1:32:00,0.008
275,19/04/2017,1:34:00,0.008
276,19/04/2017,1:36:00,0.009
277,19/04/2017,1:38:00,0.008
278,19/04/2017,1:40:00,0.009
279,19/04/2017,1:42:00,0.009
280,19/04/2017,1:44:00,0.009
281,19/04/2017,1:46:00,0.009
282,19/04/2017,1:48:00,0.009
283,19/04/2017,1:50:00,0.009
284,19/04/2017,1:52:00,0.01
285,19/04/2017,1:54:00,0.01
286,19/04/2017,1:56:00,0.01
287,19/04/2017,1:58:00,0.01
288,19/04/2017,2:00:00,0.01
289,19/04/2017,2:02:00,0.01
290,19/04/2017,2:04:00,0.01
291,19/04/2017,2:06:00,0.009
292,19/04/2017,2:08:00,0.01
293,19/04/2017,2:10:00,0.01
294,19/04/2017,2:12:00,0.01
295,19/04/2017,2:14:00,0.011
296,19/04/2017,2:16:00,0.011
297,19/04/2017,2:18:00,0.011
298,19/04/2017,2:20:00,0.011
299,19/04/2017,2:22:00,0.01
300,19/04/2017,2:24:00,0.01
301,19/04/2017,2:26:00,0.01
302,19/04/2017,2:28:00,0.011
303,19/04/2017,2:30:00,0.011
304,19/04/2017,2:32:00,0.011
305,19/04/2017,2:34:00,0.011
306,19/04/2017,2:36:00,0.011
307,19/04/2017,2:38:00,0.011
308,19/04/2017,2:40:00,0.011
309,19/04/2017,2:42:00,0.011
310,19/04/2017,2:44:00,0.011
311,19/04/2017,2:46:00,0.011
312,19/04/2017,2:48:00,0.012
313,19/04/2017,2:50:00,0.012
314,19/04/2017,2:52:00,0.011
315,19/04/2017,2:54:00,0.012
316,19/04/2017,2:56:00,0.011
317,19/04/2017,2:58:00,0.011
318,19/04/2017,3:00:00,0.011
319,19/04/2017,3:02:00,0.011
320,19/04/2017,3:04:00,0.011
321,19/04/2017,3:06:00,0.011
322,19/04/2017,3:08:00,0.011
323,19/04/2017,3:10:00,0.011
324,19/04/2017,3:12:00,0.011
325,19/04/2017,3:14:00,0.011
326,19/04/2017,3:16:00,0.011
327,19/04/2017,3:18:00,0.011
328,19/04/2017,3:20:00,0.011
329,19/04/2017,3:22:00,0.012
330,19/04/2017,3:24:00,0.011
331,19/04/2017,3:26:00,0.012
332,19/04/2017,3:28:00,0.012
333,19/04/2017,3:30:00,0.012
334,19/04/2017,3:32:00,0.012
335,19/04/2017,3:34:00,0.012
336,19/04/2017,3:36:00,0.011
337,19/04/2017,3:38:00,0.012
338,19/04/2017,3:40:00,0.011
339,19/04/2017,3:42:00,0.011
340,19/04/2017,3:44:00,0.011
341,19/04/2017,3:46:00,0.011
342,19/04/2017,3:48:00,0.011
343,19/04/2017,3:50:00,0.01
344,19/04/2017,3:52:00,0.011
345,19/04/2017,3:54:00,0.011
346,19/04/2017,3:56:00,0.011
347,19/04/2017,3:58:00,0.011
348,19/04/2017,4:00:00,0.01
349,19/04/2017,4:02:00,0.011
350,19/04/2017,4:04:00,0.009
351,19/04/2017,4:06:00,0.01
352,19/04/2017,4:08:00,0.01
353,19/04/2017,4:10:00,0.009
354,19/04/2017,4:12:00,0.01
355,19/04/2017,4:14:00,0.01
356,19/04/2017,4:16:00,0.01
357,19/04/2017,4:18:00,0.01
358,19/04/2017,4:20:00,0.011
359,19/04/2017,4:22:00,0.011
360,19/04/2017,4:24:00,0.011
361,19/04/2017,4:26:00,0.011
362,19/04/2017,4:28:00,0.011
363,19/04/2017,4:30:00,0.011
364,19/04/2017,4:32:00,0.011
365,19/04/2017,4:34:00,0.011
366,19/04/2017,4:36:00,0.011
367,19/04/2017,4:38:00,0.011
368,19/04/2017,4:40:00,0.01
369,19/04/2017,4:42:00,0.011
370,19/04/2017,4:44:00,0.011
371,19/04/2017,4:46:00,0.011
372,19/04/2017,4:48:00,0.011
373,19/04/2017,4:50:00,0.01
374,19/04/2017,4:52:00,0.015
375,19/04/2017,4:54:00,0.021
376,19/04/2017,4:56:00,0.019
377,19/04/2017,4:58:00,0.018
378,19/04/2017,5:00:00,0.018
379,19/04/2017,5:02:00,0.017
380,19/04/2017,5:04:00,0.017
381,19/04/2017,5:06:00,0.016
382,19/04/2017,5:08:00,0.015
383,19/04/2017,5:10:00,0.015
384,19/04/2017,5:12:00,0.013
385,19/04/2017,5:14:00,0.013
386,19/04/2017,5:16:00,0.014
387,19/04/2017,5:18:00,0.013
388,19/04/2017,5:20:00,0.014
389,19/04/2017,5:22:00,0.012
390,19/04/2017,5:24:00,0.013
391,19/04/2017,5:26:00,0.013
392,19/04/2017,5:28:00,0.013
393,19/04/2017,5:30:00,0.013
394,19/04/2017,5:32:00,0.012
395,19/04/2017,5:34:00,0.012
396,19/04/2017,5:36:00,0.012
397,19/04/2017,5:38:00,0.013
398,19/04/2017,5:40:00,0.012
399,19/04/2017,5:42:00,0.011
400,19/04/2017,5:44:00,0.012
401,19/04/2017,5:46:00,0.012
402,19/04/2017,5:48:00,0.012
403,19/04/2017,5:50:00,0.011
404,19/04/2017,5:52:00,0.012
405,19/04/2017,5:54:00,0.012
406,19/04/2017,5:56:00,0.012
407,19/04/2017,5:58:00,0.011
408,19/04/2017,6:00:00,0.013
409,19/04/2017,6:02:00,0.011
410,19/04/2017,6:04:00,0.013
411,19/04/2017,6:06:00,0.011
412,19/04/2017,6:08:00,0.013
413,19/04/2017,6:10:00,0.012
414,19/04/2017,6:12:00,0.011
415,19/04/2017,6:14:00,0.013
416,19/04/2017,6:16:00,0.014
417,19/04/2017,6:18:00,0.012
418,19/04/2017,6:20:00,0.013
419,19/04/2017,6:22:00,0.014
420,19/04/2017,6:24:00,0.012
421,19/04/2017,6:26:00,0.012
422,19/04/2017,6:28:00,0.014
423,19/04/2017,6:30:00,0.013
424,19/04/2017,6:32:00,0.014
425,19/04/2017,6:34:00,0.013
426,19/04/2017,6:36:00,0.014
427,19/04/2017,6:38:00,0.014
428,19/04/2017,6:40:00,0.015
429,19/04/2017,6:42:00,0.015
430,19/04/2017,6:44:00,0.015
431,19/04/2017,6:46:00,0.014
432,19/04/2017,6:48:00,0.015
433,19/04/2017,6:50:00,0.014
434,19/04/2017,6:52:00,0.013
435,19/04/2017,6:54:00,0.013
436,19/04/2017,6:56:00,0.013
437,19/04/2017,6:58:00,0.014
438,19/04/2017,7:00:00,0.013
439,19/04/2017,7:02:00,0.013
440,19/04/2017,7:04:00,0.013
441,19/04/2017,7:06:00,0.013
442,19/04/2017,7:08:00,0.012
443,19/04/2017,7:10:00,0.012
444,19/04/2017,7:12:00,0.012
445,19/04/2017,7:14:00,0.013
446,19/04/2017,7:16:00,0.013
447,19/04/2017,7:18:00,0.014
448,19/04/2017,7:20:00,0.014
449,19/04/2017,7:22:00,0.014
450,19/04/2017,7:24:00,0.015
451,19/04/2017,7:26:00,0.015
452,19/04/2017,7:28:00,0.016
453,19/04/2017,7:30:00,0.017
454,19/04/2017,7:32:00,0.016
455,19/04/2017,7:34:00,0.018
456,19/04/2017,7:36:00,0.018
457,19/04/2017,7:38:00,0.019
458,19/04/2017,7:40:00,0.019
459,19/04/2017,7:42:00,0.019
460,19/04/2017,7:44:00,0.019
461,19/04/2017,7:46:00,0.019
462,19/04/2017,7:48:00,0.02
463,19/04/2017,7:50:00,0.022
464,19/04/2017,7:52:00,0.021
465,19/04/2017,7:54:00,0.021
466,19/04/2017,7:56:00,0.021
467,19/04/2017,7:58:00,0.021
468,19/04/2017,8:00:00,0.021
469,19/04/2017,8:02:00,0.022
470,19/04/2017,8:04:00,0.022
471,19/04/2017,8:06:00,0.023
472,19/04/2017,8:08:00,0.023
473,19/04/2017,8:10:00,0.025
474,19/04/2017,8:12:00,0.023
475,19/04/2017,8:14:00,0.023
476,19/04/2017,8:16:00,0.023
477,19/04/2017,8:18:00,0.021
478,19/04/2017,8:20:00,0.021
479,19/04/2017,8:22:00,0.021
480,19/04/2017,8:24:00,0.019
481,19/04/2017,8:26:00,0.019
482,19/04/2017,8:28:00,0.019
483,19/04/2017,8:30:00,0.018
484,19/04/2017,8:32:00,0.019
485,19/04/2017,8:34:00,0.017
486,19/04/2017,8:36:00,0.016
487,19/04/2017,8:38:00,0.015
488,19/04/2017,8:40:00,0.014
489,19/04/2017,8:42:00,0.013
490,19/04/2017,8:44:00,0.013
491,19/04/2017,8:46:00,0.013
492,19/04/2017,8:48:00,0.012
493,19/04/2017,8:50:00,0.013
494,19/04/2017,8:52:00,0.013
495,19/04/2017,8:54:00,0.013
496,19/04/2017,8:56:00,0.013
497,19/04/2017,8:58:00,0.014
498,19/04/2017,9:00:00,0.015
499,19/04/2017,9:02:00,0.013
500,19/04/2017,9:04:00,0.013
501,19/04/2017,9:06:00,0.014
502,19/04/2017,9:08:00,0.015
503,19/04/2017,9:10:00,0.016
504,19/04/2017,9:12:00,0.017
505,19/04/2017,9:14:00,0.018
506,19/04/2017,9:16:00,0.019
507,19/04/2017,9:18:00,0.02
508,19/04/2017,9:20:00,0.02
509,19/04/2017,9:22:00,0.02
510,19/04/2017,9:24:00,0.019
511,19/04/2017,9:26:00,0.019
512,19/04/2017,9:28:00,0.022
513,19/04/2017,9:30:00,0.025
514,19/04/2017,9:32:00,0.023
515,19/04/2017,9:34:00,0.024
516,19/04/2017,9:36:00,0.026
517,19/04/2017,9:38:00,0.026
518,19/04/2017,9:40:00,0.026
519,19/04/2017,9:42:00,0.024
520,19/04/2017,9:44:00,0.027
521,19/04/2017,9:46:00,0.025
522,19/04/2017,9:48:00,0.027
523,19/04/2017,9:50:00,0.027
524,19/04/2017,9:52:00,0.025
525,19/04/2017,9:54:00,0.024
526,19/04/2017,9:56:00,0.025
527,19/04/2017,9:58:00,0.023
528,19/04/2017,10:00:00,0.023
529,19/04/2017,10:02:00,0.022
530,19/04/2017,10:04:00,0.021
531,19/04/2017,10:06:00,0.021
532,19/04/2017,10:08:00,0.019
533,19/04/2017,10:10:00,0.018
534,19/04/2017,10:12:00,0.018
535,19/04/2017,10:14:00,0.017
536,19/04/2017,10:16:00,0.018
537,19/04/2017,10:18:00,0.017
538,19/04/2017,10:20:00,0.019
539,19/04/2017,10:22:00,0.018
540,19/04/2017,10:24:00,0.017
541,19/04/2017,10:26:00,0.016
542,19/04/2017,10:28:00,0.016
543,19/04/2017,10:30:00,0.016
544,19/04/2017,10:32:00,0.017
545,19/04/2017,10:34:00,0.017
546,19/04/2017,10:36:00,0.016
547,19/04/2017,10:38:00,0.016
548,19/04/2017,10:40:00,0.015
549,19/04/2017,10:42:00,0.015
550,19/04/2017,10:44:00,0.015
551,19/04/2017,10:46:00,0.015
552,19/04/2017,10:48:00,0.015
553,19/04/2017,10:50:00,0.014
554,19/04/2017,10:52:00,0.014
555,19/04/2017,10:54:00,0.013
556,19/04/2017,10:56:00,0.014
557,19/04/2017,10:58:00,0.015
558,19/04/2017,11:00:00,0.014
559,19/04/2017,11:02:00,0.015
560,19/04/2017,11:04:00,0.015
561,19/04/2017,11:06:00,0.015
562,19/04/2017,11:08:00,0.017
563,19/04/2017,11:10:00,0.019
564,19/04/2017,11:12:00,0.019
565,19/04/2017,11:14:00,0.023
566,19/04/2017,11:16:00,0.028
567,19/04/2017,11:18:00,0.025
568,19/04/2017,11:20:00,0.025
569,19/04/2017,11:22:00,0.026
570,19/04/2017,11:24:00,0.025
571,19/04/2017,11:26:00,0.025
572,19/04/2017,11:28:00,0.028
573,19/04/2017,11:30:00,0.025
574,19/04/2017,11:32:00,0.026
575,19/04/2017,11:34:00,0.027
576,19/04/2017,11:36:00,0.028
577,19/04/2017,11:38:00,0.026
578,19/04/2017,11:40:00,0.026
579,19/04/2017,11:42:00,0.027
580,19/04/2017,11:44:00,0.032
581,19/04/2017,11:46:00,0.027
582,19/04/2017,11:48:00,0.026
583,19/04/2017,11:50:00,0.025
584,19/04/2017,11:52:00,0.027
585,19/04/2017,11:54:00,0.026
586,19/04/2017,11:56:00,0.028
587,19/04/2017,11:58:00,0.028
588,19/04/2017,12:00:00,0.029
589,19/04/2017,12:02:00,0.027
590,19/04/2017,12:04:00,0.028
591,19/04/2017,12:06:00,0.027
592,19/04/2017,12:08:00,0.025
593,19/04/2017,12:10:00,0.026
594,19/04/2017,12:12:00,0.026
595,19/04/2017,12:14:00,0.027
596,19/04/2017,12:16:00,0.025
597,19/04/2017,12:18:00,0.025
598,19/04/2017,12:20:00,0.025
599,19/04/2017,12:22:00,0.025
600,19/04/2017,12:24:00,0.025
601,19/04/2017,12:26:00,0.025
602,19/04/2017,12:28:00,0.024
603,19/04/2017,12:30:00,0.025
604,19/04/2017,12:32:00,0.024
605,19/04/2017,12:34:00,0.025
606,19/04/2017,12:36:00,0.024
607,19/04/2017,12:38:00,0.024
608,19/04/2017,12:40:00,0.025
609,19/04/2017,12:42:00,0.024
610,19/04/2017,12:44:00,0.025
611,19/04/2017,12:46:00,0.024
612,19/04/2017,12:48:00,0.026
613,19/04/2017,12:50:00,0.024
614,19/04/2017,12:52:00,0.024
615,19/04/2017,12:54:00,0.024
616,19/04/2017,12:56:00,0.024
617,19/04/2017,12:58:00,0.023
618,19/04/2017,13:00:00,0.025
619,19/04/2017,13:02:00,0.024
620,19/04/2017,13:04:00,0.023
621,19/04/2017,13:06:00,0.023
622,19/04/2017,13:08:00,0.023
623,19/04/2017,13:10:00,0.023
624,19/04/2017,13:12:00,0.025
625,19/04/2017,13:14:00,0.022
626,19/04/2017,13:16:00,0.023
627,19/04/2017,13:18:00,0.024
628,19/04/2017,13:20:00,0.023
629,19/04/2017,13:22:00,0.022
630,19/04/2017,13:24:00,0.023
631,19/04/2017,13:26:00,0.023
632,19/04/2017,13:28:00,0.023
633,19/04/2017,13:30:00,0.023
634,19/04/2017,13:32:00,0.023
635,19/04/2017,13:34:00,0.024
636,19/04/2017,13:36:00,0.023
637,19/04/2017,13:38:00,0.023
638,19/04/2017,13:40:00,0.023
639,19/04/2017,13:42:00,0.024
640,19/04/2017,13:44:00,0.022
641,19/04/2017,13:46:00,0.024
642,19/04/2017,13:48:00,0.024
643,19/04/2017,13:50:00,0.022
644,19/04/2017,13:52:00,0.023
645,19/04/2017,13:54:00,0.023
646,19/04/2017,13:56:00,0.022
647,19/04/2017,13:58:00,0.022
648,19/04/2017,14:00:00,0.022
649,19/04/2017,14:02:00,0.023
650,19/04/2017,14:04:00,0.024
651,19/04/2017,14:06:00,0.023
652,19/04/2017,14:08:00,0.025
653,19/04/2017,14:10:00,0.023
654,19/04/2017,14:12:00,0.023
655,19/04/2017,14:14:00,0.024
656,19/04/2017,14:16:00,0.023
657,19/04/2017,14:18:00,0.024
658,19/04/2017,14:20:00,0.023
659,19/04/2017,14:22:00,0.025
660,19/04/2017,14:24:00,0.024
661,19/04/2017,14:26:00,0.024
662,19/04/2017,14:28:00,0.024
663,19/04/2017,14:30:00,0.023
664,19/04/2017,14:32:00,0.023
665,19/04/2017,14:34:00,0.026
666,19/04/2017,14:36:00,0.023
667,19/04/2017,14:38:00,0.023
668,19/04/2017,14:40:00,0.024
669,19/04/2017,14:42:00,0.023
670,19/04/2017,14:44:00,0.023
671,19/04/2017,14:46:00,0.023
672,19/04/2017,14:48:00,0.025
673,19/04/2017,14:50:00,0.024
674,19/04/2017,14:52:00,0.023
675,19/04/2017,14:54:00,0.024
676,19/04/2017,14:56:00,0.024
677,19/04/2017,14:58:00,0.023
678,19/04/2017,15:00:00,0.024
679,19/04/2017,15:02:00,0.023
680,19/04/2017,15:04:00,0.023
681,19/04/2017,15:06:00,0.022
682,19/04/2017,15:08:00,0.023
683,19/04/2017,15:10:00,0.023
684,19/04/2017,15:12:00,0.024
685,19/04/2017,15:14:00,0.022
686,19/04/2017,15:16:00,0.024
687,19/04/2017,15:18:00,0.022
688,19/04/2017,15:20:00,0.022
689,19/04/2017,15:22:00,0.022
690,19/04/2017,15:24:00,0.023
691,19/04/2017,15:26:00,0.023
692,19/04/2017,15:28:00,0.023
693,19/04/2017,15:30:00,0.022
694,19/04/2017,15:32:00,0.023
695,19/04/2017,15:34:00,0.022
696,19/04/2017,15:36:00,0.024
697,19/04/2017,15:38:00,0.022
698,19/04/2017,15:40:00,0.024
699,19/04/2017,15:42:00,0.026
700,19/04/2017,15:44:00,0.023
701,19/04/2017,15:46:00,0.025
702,19/04/2017,15:48:00,0.024
703,19/04/2017,15:50:00,0.025
704,19/04/2017,15:52:00,0.024
705,19/04/2017,15:54:00,0.024
706,19/04/2017,15:56:00,0.024
707,19/04/2017,15:58:00,0.023
708,19/04/2017,16:00:00,0.023
709,19/04/2017,16:02:00,0.023
710,19/04/2017,16:04:00,0.024
711,19/04/2017,16:06:00,0.023
712,19/04/2017,16:08:00,0.024
713,19/04/2017,16:10:00,0.023
714,19/04/2017,16:12:00,0.023
715,19/04/2017,16:14:00,0.023
716,19/04/2017,16:16:00,0.022
717,19/04/2017,16:18:00,0.022
718,19/04/2017,16:20:00,0.023
719,19/04/2017,16:22:00,0.023
720,19/04/2017,16:24:00,0.022
1,19/04/2017,16:31:00,0.022
2,19/04/2017,16:33:00,0.022
3,19/04/2017,16:35:00,0.023
4,19/04/2017,16:37:00,0.021
5,19/04/2017,16:39:00,0.021
6,19/04/2017,16:41:00,0.021
7,19/04/2017,16:43:00,0.021
8,19/04/2017,16:45:00,0.021
9,19/04/2017,16:47:00,0.021
10,19/04/2017,16:49:00,0.022
11,19/04/2017,16:51:00,0.021
12,19/04/2017,16:53:00,0.021
13,19/04/2017,16:55:00,0.022
14,19/04/2017,16:57:00,0.02
15,19/04/2017,16:59:00,0.02
16,19/04/2017,17:01:00,0.021
17,19/04/2017,17:03:00,0.02
18,19/04/2017,17:05:00,0.021
19,19/04/2017,17:07:00,0.02
20,19/04/2017,17:09:00,0.02
21,19/04/2017,17:11:00,0.02
22,19/04/2017,17:13:00,0.021
23,19/04/2017,17:15:00,0.021
24,19/04/2017,17:17:00,0.021
25,19/04/2017,17:19:00,0.021
26,19/04/2017,17:21:00,0.022
27,19/04/2017,17:23:00,0.022
28,19/04/2017,17:25:00,0.021
29,19/04/2017,17:27:00,0.022
30,19/04/2017,17:29:00,0.02
31,19/04/2017,17:31:00,0.021
32,19/04/2017,17:33:00,0.022
33,19/04/2017,17:35:00,0.022
34,19/04/2017,17:37:00,0.022
35,19/04/2017,17:39:00,0.023
36,19/04/2017,17:41:00,0.023
37,19/04/2017,17:43:00,0.022
38,19/04/2017,17:45:00,0.023
39,19/04/2017,17:47:00,0.022
40,19/04/2017,17:49:00,0.023
41,19/04/2017,17:51:00,0.022
42,19/04/2017,17:53:00,0.022
43,19/04/2017,17:55:00,0.022
44,19/04/2017,17:57:00,0.021
45,19/04/2017,17:59:00,0.022
46,19/04/2017,18:01:00,0.023
47,19/04/2017,18:03:00,0.023
48,19/04/2017,18:05:00,0.023
49,19/04/2017,18:07:00,0.024
50,19/04/2017,18:09:00,0.024
51,19/04/2017,18:11:00,0.023
52,19/04/2017,18:13:00,0.024
53,19/04/2017,18:15:00,0.024
54,19/04/2017,18:17:00,0.026
55,19/04/2017,18:19:00,0.026
56,19/04/2017,18:21:00,0.024
57,19/04/2017,18:23:00,0.024
58,19/04/2017,18:25:00,0.025
59,19/04/2017,18:27:00,0.023
60,19/04/2017,18:29:00,0.024
61,19/04/2017,18:31:00,0.024
62,19/04/2017,18:33:00,0.024
63,19/04/2017,18:35:00,0.025
64,19/04/2017,18:37:00,0.024
65,19/04/2017,18:39:00,0.024
66,19/04/2017,18:41:00,0.025
67,19/04/2017,18:43:00,0.024
68,19/04/2017,18:45:00,0.025
69,19/04/2017,18:47:00,0.027
70,19/04/2017,18:49:00,0.027
71,19/04/2017,18:51:00,0.027
72,19/04/2017,18:53:00,0.026
73,19/04/2017,18:55:00,0.027
74,19/04/2017,18:57:00,0.027
75,19/04/2017,18:59:00,0.028
76,19/04/2017,19:01:00,0.029
77,19/04/2017,19:03:00,0.029
78,19/04/2017,19:05:00,0.031
79,19/04/2017,19:07:00,0.031
80,19/04/2017,19:09:00,0.029
81,19/04/2017,19:11:00,0.031
82,19/04/2017,19:13:00,0.029
83,19/04/2017,19:15:00,0.031
84,19/04/2017,19:17:00,0.03
85,19/04/2017,19:19:00,0.03
86,19/04/2017,19:21:00,0.029
87,19/04/2017,19:23:00,0.031
88,19/04/2017,19:25:00,0.029
89,19/04/2017,19:27:00,0.029
90,19/04/2017,19:29:00,0.029
91,19/04/2017,19:31:00,0.03
92,19/04/2017,19:33:00,0.029
93,19/04/2017,19:35:00,0.029
94,19/04/2017,19:37:00,0.03
95,19/04/2017,19:39:00,0.028
96,19/04/2017,19:41:00,0.029
97,19/04/2017,19:43:00,0.03
98,19/04/2017,19:45:00,0.03
99,19/04/2017,19:47:00,0.03
100,19/04/2017,19:49:00,0.029
101,19/04/2017,19:51:00,0.029
102,19/04/2017,19:53:00,0.029
103,19/04/2017,19:55:00,0.028
104,19/04/2017,19:57:00,0.029
105,19/04/2017,19:59:00,0.029
106,19/04/2017,20:01:00,0.029
107,19/04/2017,20:03:00,0.029
108,19/04/2017,20:05:00,0.028
109,19/04/2017,20:07:00,0.029
110,19/04/2017,20:09:00,0.029
111,19/04/2017,20:11:00,0.027
112,19/04/2017,20:13:00,0.027
113,19/04/2017,20:15:00,0.027
114,19/04/2017,20:17:00,0.027
115,19/04/2017,20:19:00,0.026
116,19/04/2017,20:21:00,0.027
117,19/04/2017,20:23:00,0.027
118,19/04/2017,20:25:00,0.028
119,19/04/2017,20:27:00,0.027
120,19/04/2017,20:29:00,0.027
121,19/04/2017,20:31:00,0.027
122,19/04/2017,20:33:00,0.027
123,19/04/2017,20:35:00,0.026
124,19/04/2017,20:37:00,0.026
125,19/04/2017,20:39:00,0.026
126,19/04/2017,20:41:00,0.025
127,19/04/2017,20:43:00,0.026
128,19/04/2017,20:45:00,0.026
129,19/04/2017,20:47:00,0.027
130,19/04/2017,20:49:00,0.026
131,19/04/2017,20:51:00,0.026
132,19/04/2017,20:53:00,0.027
133,19/04/2017,20:55:00,0.025
134,19/04/2017,20:57:00,0.025
135,19/04/2017,20:59:00,0.025
136,19/04/2017,21:01:00,0.025
137,19/04/2017,21:03:00,0.025
138,19/04/2017,21:05:00,0.025
139,19/04/2017,21:07:00,0.025
140,19/04/2017,21:09:00,0.025
141,19/04/2017,21:11:00,0.026
142,19/04/2017,21:13:00,0.025
143,19/04/2017,21:15:00,0.025
144,19/04/2017,21:17:00,0.026
145,19/04/2017,21:19:00,0.025
146,19/04/2017,21:21:00,0.025
147,19/04/2017,21:23:00,0.024
148,19/04/2017,21:25:00,0.025
149,19/04/2017,21:27:00,0.026
150,19/04/2017,21:29:00,0.025
151,19/04/2017,21:31:00,0.028
152,19/04/2017,21:33:00,0.025
153,19/04/2017,21:35:00,0.027
154,19/04/2017,21:37:00,0.025
155,19/04/2017,21:39:00,0.024
156,19/04/2017,21:41:00,0.025
157,19/04/2017,21:43:00,0.025
158,19/04/2017,21:45:00,0.026
159,19/04/2017,21:47:00,0.025
160,19/04/2017,21:49:00,0.026
161,19/04/2017,21:51:00,0.026
162,19/04/2017,21:53:00,0.025
163,19/04/2017,21:55:00,0.026
164,19/04/2017,21:57:00,0.026
165,19/04/2017,21:59:00,0.025
166,19/04/2017,22:01:00,0.026
167,19/04/2017,22:03:00,0.026
168,19/04/2017,22:05:00,0.027
169,19/04/2017,22:07:00,0.027
170,19/04/2017,22:09:00,0.026
171,19/04/2017,22:11:00,0.026
172,19/04/2017,22:13:00,0.026
173,19/04/2017,22:15:00,0.027
174,19/04/2017,22:17:00,0.026
175,19/04/2017,22:19:00,0.027
176,19/04/2017,22:21:00,0.027
177,19/04/2017,22:23:00,0.027
178,19/04/2017,22:25:00,0.028
179,19/04/2017,22:27:00,0.028
180,19/04/2017,22:29:00,0.027
181,19/04/2017,22:31:00,0.029
182,19/04/2017,22:33:00,0.029
183,19/04/2017,22:35:00,0.028
184,19/04/2017,22:37:00,0.028
185,19/04/2017,22:39:00,0.028
186,19/04/2017,22:41:00,0.029
187,19/04/2017,22:43:00,0.028
188,19/04/2017,22:45:00,0.029
189,19/04/2017,22:47:00,0.027
190,19/04/2017,22:49:00,0.029
191,19/04/2017,22:51:00,0.028
192,19/04/2017,22:53:00,0.028
193,19/04/2017,22:55:00,0.028
194,19/04/2017,22:57:00,0.027
195,19/04/2017,22:59:00,0.028
196,19/04/2017,23:01:00,0.027
197,19/04/2017,23:03:00,0.027
198,19/04/2017,23:05:00,0.027
199,19/04/2017,23:07:00,0.028
200,19/04/2017,23:09:00,0.028
201,19/04/2017,23:11:00,0.028
202,19/04/2017,23:13:00,0.027
203,19/04/2017,23:15:00,0.029
204,19/04/2017,23:17:00,0.028
205,19/04/2017,23:19:00,0.027
206,19/04/2017,23:21:00,0.028
207,19/04/2017,23:23:00,0.027
208,19/04/2017,23:25:00,0.027
209,19/04/2017,23:27:00,0.028
210,19/04/2017,23:29:00,0.028
211,19/04/2017,23:31:00,0.028
212,19/04/2017,23:33:00,0.028
213,19/04/2017,23:35:00,0.028
214,19/04/2017,23:37:00,0.028
215,19/04/2017,23:39:00,0.028
216,19/04/2017,23:41:00,0.028
217,19/04/2017,23:43:00,0.029
218,19/04/2017,23:45:00,0.028
219,19/04/2017,23:47:00,0.028
220,19/04/2017,23:49:00,0.027
221,19/04/2017,23:51:00,0.029
222,19/04/2017,23:53:00,0.027
223,19/04/2017,23:55:00,0.027
224,19/04/2017,23:57:00,0.026
225,19/04/2017,23:59:00,0.027
226,20/04/2017,0:01:00,0.027
227,20/04/2017,0:03:00,0.027
228,20/04/2017,0:05:00,0.027
229,20/04/2017,0:07:00,0.027
230,20/04/2017,0:09:00,0.027
231,20/04/2017,0:11:00,0.027
232,20/04/2017,0:13:00,0.027
233,20/04/2017,0:15:00,0.027
234,20/04/2017,0:17:00,0.027
235,20/04/2017,0:19:00,0.027
236,20/04/2017,0:21:00,0.027
237,20/04/2017,0:23:00,0.027
238,20/04/2017,0:25:00,0.028
239,20/04/2017,0:27:00,0.026
240,20/04/2017,0:29:00,0.026
241,20/04/2017,0:31:00,0.028
242,20/04/2017,0:33:00,0.027
243,20/04/2017,0:35:00,0.026
244,20/04/2017,0:37:00,0.026
245,20/04/2017,0:39:00,0.028
246,20/04/2017,0:41:00,0.027
247,20/04/2017,0:43:00,0.027
248,20/04/2017,0:45:00,0.027
249,20/04/2017,0:47:00,0.028
250,20/04/2017,0:49:00,0.026
251,20/04/2017,0:51:00,0.027
252,20/04/2017,0:53:00,0.028
253,20/04/2017,0:55:00,0.026
254,20/04/2017,0:57:00,0.027
255,20/04/2017,0:59:00,0.027
256,20/04/2017,1:01:00,0.027
257,20/04/2017,1:03:00,0.028
258,20/04/2017,1:05:00,0.027
259,20/04/2017,1:07:00,0.027
260,20/04/2017,1:09:00,0.027
261,20/04/2017,1:11:00,0.028
262,20/04/2017,1:13:00,0.028
263,20/04/2017,1:15:00,0.027
264,20/04/2017,1:17:00,0.027
265,20/04/2017,1:19:00,0.027
266,20/04/2017,1:21:00,0.028
267,20/04/2017,1:23:00,0.027
268,20/04/2017,1:25:00,0.027
269,20/04/2017,1:27:00,0.027
270,20/04/2017,1:29:00,0.028
271,20/04/2017,1:31:00,0.027
272,20/04/2017,1:33:00,0.026
273,20/04/2017,1:35:00,0.029
274,20/04/2017,1:37:00,0.026
275,20/04/2017,1:39:00,0.028
276,20/04/2017,1:41:00,0.027
277,20/04/2017,1:43:00,0.026
278,20/04/2017,1:45:00,0.027
279,20/04/2017,1:47:00,0.028
280,20/04/2017,1:49:00,0.027
281,20/04/2017,1:51:00,0.026
282,20/04/2017,1:53:00,0.026
283,20/04/2017,1:55:00,0.028
284,20/04/2017,1:57:00,0.027
285,20/04/2017,1:59:00,0.027
286,20/04/2017,2:01:00,0.027
287,20/04/2017,2:03:00,0.028
288,20/04/2017,2:05:00,0.026
289,20/04/2017,2:07:00,0.027
290,20/04/2017,2:09:00,0.027
291,20/04/2017,2:11:00,0.027
292,20/04/2017,2:13:00,0.027
293,20/04/2017,2:15:00,0.027
294,20/04/2017,2:17:00,0.028
295,20/04/2017,2:19:00,0.027
296,20/04/2017,2:21:00,0.028
297,20/04/2017,2:23:00,0.028
298,20/04/2017,2:25:00,0.027
299,20/04/2017,2:27:00,0.028
300,20/04/2017,2:29:00,0.028
301,20/04/2017,2:31:00,0.028
302,20/04/2017,2:33:00,0.028
303,20/04/2017,2:35:00,0.029
304,20/04/2017,2:37:00,0.027
305,20/04/2017,2:39:00,0.028
306,20/04/2017,2:41:00,0.028
307,20/04/2017,2:43:00,0.029
308,20/04/2017,2:45:00,0.029
309,20/04/2017,2:47:00,0.029
310,20/04/2017,2:49:00,0.029
311,20/04/2017,2:51:00,0.029
312,20/04/2017,2:53:00,0.028
313,20/04/2017,2:55:00,0.028
314,20/04/2017,2:57:00,0.027
315,20/04/2017,2:59:00,0.027
316,20/04/2017,3:01:00,0.028
317,20/04/2017,3:03:00,0.027
318,20/04/2017,3:05:00,0.027
319,20/04/2017,3:07:00,0.026
320,20/04/2017,3:09:00,0.026
321,20/04/2017,3:11:00,0.027
322,20/04/2017,3:13:00,0.027
323,20/04/2017,3:15:00,0.027
324,20/04/2017,3:17:00,0.027
325,20/04/2017,3:19:00,0.028
326,20/04/2017,3:21:00,0.027
327,20/04/2017,3:23:00,0.026
328,20/04/2017,3:25:00,0.026
329,20/04/2017,3:27:00,0.027
330,20/04/2017,3:29:00,0.027
331,20/04/2017,3:31:00,0.026
332,20/04/2017,3:33:00,0.028
333,20/04/2017,3:35:00,0.025
334,20/04/2017,3:37:00,0.029
335,20/04/2017,3:39:00,0.027
336,20/04/2017,3:41:00,0.026
337,20/04/2017,3:43:00,0.025
338,20/04/2017,3:45:00,0.027
339,20/04/2017,3:47:00,0.027
340,20/04/2017,3:49:00,0.026
341,20/04/2017,3:51:00,0.025
342,20/04/2017,3:53:00,0.026
343,20/04/2017,3:55:00,0.025
344,20/04/2017,3:57:00,0.025
345,20/04/2017,3:59:00,0.025
346,20/04/2017,4:01:00,0.025
347,20/04/2017,4:03:00,0.025
348,20/04/2017,4:05:00,0.026
349,20/04/2017,4:07:00,0.026
350,20/04/2017,4:09:00,0.026
351,20/04/2017,4:11:00,0.027
352,20/04/2017,4:13:00,0.026
353,20/04/2017,4:15:00,0.026
354,20/04/2017,4:17:00,0.026
355,20/04/2017,4:19:00,0.026
356,20/04/2017,4:21:00,0.026
357,20/04/2017,4:23:00,0.027
358,20/04/2017,4:25:00,0.026
359,20/04/2017,4:27:00,0.027
360,20/04/2017,4:29:00,0.028
361,20/04/2017,4:31:00,0.027
362,20/04/2017,4:33:00,0.028
363,20/04/2017,4:35:00,0.029
364,20/04/2017,4:37:00,0.03
365,20/04/2017,4:39:00,0.03
366,20/04/2017,4:41:00,0.03
367,20/04/2017,4:43:00,0.033
368,20/04/2017,4:45:00,0.036
369,20/04/2017,4:47:00,0.033
370,20/04/2017,4:49:00,0.033
371,20/04/2017,4:51:00,0.034
372,20/04/2017,4:53:00,0.035
373,20/04/2017,4:55:00,0.034
374,20/04/2017,4:57:00,0.031
375,20/04/2017,4:59:00,0.032
376,20/04/2017,5:01:00,0.031
377,20/04/2017,5:03:00,0.031
378,20/04/2017,5:05:00,0.031
379,20/04/2017,5:07:00,0.03
380,20/04/2017,5:09:00,0.03
381,20/04/2017,5:11:00,0.027
382,20/04/2017,5:13:00,0.027
383,20/04/2017,5:15:00,0.028
384,20/04/2017,5:17:00,0.027
385,20/04/2017,5:19:00,0.027
386,20/04/2017,5:21:00,0.027
387,20/04/2017,5:23:00,0.027
388,20/04/2017,5:25:00,0.027
389,20/04/2017,5:27:00,0.029
390,20/04/2017,5:29:00,0.025
391,20/04/2017,5:31:00,0.025
392,20/04/2017,5:33:00,0.025
393,20/04/2017,5:35:00,0.025
394,20/04/2017,5:37:00,0.025
395,20/04/2017,5:39:00,0.025
396,20/04/2017,5:41:00,0.025
397,20/04/2017,5:43:00,0.025
398,20/04/2017,5:45:00,0.023
399,20/04/2017,5:47:00,0.023
400,20/04/2017,5:49:00,0.024
401,20/04/2017,5:51:00,0.022
402,20/04/2017,5:53:00,0.023
403,20/04/2017,5:55:00,0.023
404,20/04/2017,5:57:00,0.025
405,20/04/2017,5:59:00,0.023
406,20/04/2017,6:01:00,0.023
407,20/04/2017,6:03:00,0.023
408,20/04/2017,6:05:00,0.024
409,20/04/2017,6:07:00,0.023
410,20/04/2017,6:09:00,0.025
411,20/04/2017,6:11:00,0.024
412,20/04/2017,6:13:00,0.025
413,20/04/2017,6:15:00,0.024
414,20/04/2017,6:17:00,0.025
415,20/04/2017,6:19:00,0.023
416,20/04/2017,6:21:00,0.025
417,20/04/2017,6:23:00,0.026
418,20/04/2017,6:25:00,0.027
419,20/04/2017,6:27:00,0.026
420,20/04/2017,6:29:00,0.026
421,20/04/2017,6:31:00,0.027
422,20/04/2017,6:33:00,0.027
423,20/04/2017,6:35:00,0.028
424,20/04/2017,6:37:00,0.027
425,20/04/2017,6:39:00,0.03
426,20/04/2017,6:41:00,0.029
427,20/04/2017,6:43:00,0.03
428,20/04/2017,6:45:00,0.031
429,20/04/2017,6:47:00,0.032
430,20/04/2017,6:49:00,0.032
431,20/04/2017,6:51:00,0.032
432,20/04/2017,6:53:00,0.033
433,20/04/2017,6:55:00,0.032
434,20/04/2017,6:57:00,0.034
435,20/04/2017,6:59:00,0.033
436,20/04/2017,7:01:00,0.033
437,20/04/2017,7:03:00,0.032
438,20/04/2017,7:05:00,0.032
439,20/04/2017,7:07:00,0.033
440,20/04/2017,7:09:00,0.032
441,20/04/2017,7:11:00,0.032
442,20/04/2017,7:13:00,0.032
443,20/04/2017,7:15:00,0.03
444,20/04/2017,7:17:00,0.031
445,20/04/2017,7:19:00,0.032
446,20/04/2017,7:21:00,0.031
447,20/04/2017,7:23:00,0.034
448,20/04/2017,7:25:00,0.032
449,20/04/2017,7:27:00,0.032
450,20/04/2017,7:29:00,0.032
451,20/04/2017,7:31:00,0.033
452,20/04/2017,7:33:00,0.033
453,20/04/2017,7:35:00,0.036
454,20/04/2017,7:37:00,0.035
455,20/04/2017,7:39:00,0.035
456,20/04/2017,7:41:00,0.035
457,20/04/2017,7:43:00,0.035
458,20/04/2017,7:45:00,0.035
459,20/04/2017,7:47:00,0.037
460,20/04/2017,7:49:00,0.035
461,20/04/2017,7:51:00,0.036
462,20/04/2017,7:53:00,0.035
463,20/04/2017,7:55:00,0.035
464,20/04/2017,7:57:00,0.035
465,20/04/2017,7:59:00,0.034
466,20/04/2017,8:01:00,0.035
467,20/04/2017,8:03:00,0.034
468,20/04/2017,8:05:00,0.033
469,20/04/2017,8:07:00,0.032
470,20/04/2017,8:09:00,0.032
471,20/04/2017,8:11:00,0.033
472,20/04/2017,8:13:00,0.032
473,20/04/2017,8:15:00,0.033
474,20/04/2017,8:17:00,0.034
475,20/04/2017,8:19:00,0.034
476,20/04/2017,8:21:00,0.037
477,20/04/2017,8:23:00,0.039
478,20/04/2017,8:25:00,0.04
479,20/04/2017,8:27:00,0.04
480,20/04/2017,8:29:00,0.042
481,20/04/2017,8:31:00,0.039
482,20/04/2017,8:33:00,0.04
483,20/04/2017,8:35:00,0.043
484,20/04/2017,8:37:00,0.046
485,20/04/2017,8:39:00,0.043
486,20/04/2017,8:41:00,0.042
487,20/04/2017,8:43:00,0.043
488,20/04/2017,8:45:00,0.042
489,20/04/2017,8:47:00,0.041
490,20/04/2017,8:49:00,0.043
491,20/04/2017,8:51:00,0.045
492,20/04/2017,8:53:00,0.043
493,20/04/2017,8:55:00,0.042
494,20/04/2017,8:57:00,0.041
495,20/04/2017,8:59:00,0.042
496,20/04/2017,9:01:00,0.051
497,20/04/2017,9:03:00,0.052
498,20/04/2017,9:05:00,0.053
499,20/04/2017,9:07:00,0.051
500,20/04/2017,9:09:00,0.054
501,20/04/2017,9:11:00,0.054
502,20/04/2017,9:13:00,0.054
503,20/04/2017,9:15:00,0.052
504,20/04/2017,9:17:00,0.052
505,20/04/2017,9:19:00,0.05
506,20/04/2017,9:21:00,0.051
507,20/04/2017,9:23:00,0.052
508,20/04/2017,9:25:00,0.05
509,20/04/2017,9:27:00,0.049
510,20/04/2017,9:29:00,0.05
511,20/04/2017,9:31:00,0.052
512,20/04/2017,9:33:00,0.05
513,20/04/2017,9:35:00,0.052
514,20/04/2017,9:37:00,0.051
515,20/04/2017,9:39:00,0.051
516,20/04/2017,9:41:00,0.05
517,20/04/2017,9:43:00,0.048
518,20/04/2017,9:45:00,0.046
519,20/04/2017,9:47:00,0.047
520,20/04/2017,9:49:00,0.046
521,20/04/2017,9:51:00,0.046
522,20/04/2017,9:53:00,0.047
523,20/04/2017,9:55:00,0.047
524,20/04/2017,9:57:00,0.046
525,20/04/2017,9:59:00,0.047
526,20/04/2017,10:01:00,0.047
527,20/04/2017,10:03:00,0.046
528,20/04/2017,10:05:00,0.045
529,20/04/2017,10:07:00,0.044
530,20/04/2017,10:09:00,0.043
531,20/04/2017,10:11:00,0.043
532,20/04/2017,10:13:00,0.042
533,20/04/2017,10:15:00,0.041
534,20/04/2017,10:17:00,0.04
535,20/04/2017,10:19:00,0.04
536,20/04/2017,10:21:00,0.04
537,20/04/2017,10:23:00,0.039
538,20/04/2017,10:25:00,0.038
539,20/04/2017,10:27:00,0.038
540,20/04/2017,10:29:00,0.038
541,20/04/2017,10:31:00,0.038
542,20/04/2017,10:33:00,0.038
543,20/04/2017,10:35:00,0.037
544,20/04/2017,10:37:00,0.035
545,20/04/2017,10:39:00,0.035
546,20/04/2017,10:41:00,0.033
547,20/04/2017,10:43:00,0.034
548,20/04/2017,10:45:00,0.033
549,20/04/2017,10:47:00,0.033
550,20/04/2017,10:49:00,0.033
551,20/04/2017,10:51:00,0.032
552,20/04/2017,10:53:00,0.031
553,20/04/2017,10:55:00,0.03
554,20/04/2017,10:57:00,0.03
555,20/04/2017,10:59:00,0.029
556,20/04/2017,11:01:00,0.028
557,20/04/2017,11:03:00,0.028
558,20/04/2017,11:05:00,0.027
559,20/04/2017,11:07:00,0.027
560,20/04/2017,11:09:00,0.028
561,20/04/2017,11:11:00,0.025
562,20/04/2017,11:13:00,0.025
563,20/04/2017,11:15:00,0.026
564,20/04/2017,11:17:00,0.024
565,20/04/2017,11:19:00,0.024
566,20/04/2017,11:21:00,0.023
567,20/04/2017,11:23:00,0.023
568,20/04/2017,11:25:00,0.023
569,20/04/2017,11:27:00,0.023
570,20/04/2017,11:29:00,0.024
571,20/04/2017,11:31:00,0.024
572,20/04/2017,11:33:00,0.024
573,20/04/2017,11:35:00,0.023
574,20/04/2017,11:37:00,0.022
575,20/04/2017,11:39:00,0.022
576,20/04/2017,11:41:00,0.021
577,20/04/2017,11:43:00,0.02
578,20/04/2017,11:45:00,0.021
579,20/04/2017,11:47:00,0.02
580,20/04/2017,11:49:00,0.02
581,20/04/2017,11:51:00,0.02
582,20/04/2017,11:53:00,0.021
583,20/04/2017,11:55:00,0.02
584,20/04/2017,11:57:00,0.022
585,20/04/2017,11:59:00,0.021
586,20/04/2017,12:01:00,0.021
587,20/04/2017,12:03:00,0.021
588,20/04/2017,12:05:00,0.025
589,20/04/2017,12:07:00,0.022
590,20/04/2017,12:09:00,0.023
591,20/04/2017,12:11:00,0.023
592,20/04/2017,12:13:00,0.023
593,20/04/2017,12:15:00,0.022
594,20/04/2017,12:17:00,0.024
595,20/04/2017,12:19:00,0.024
596,20/04/2017,12:21:00,0.025
597,20/04/2017,12:23:00,0.027
598,20/04/2017,12:25:00,0.026
599,20/04/2017,12:27:00,0.025
600,20/04/2017,12:29:00,0.024
601,20/04/2017,12:31:00,0.023
602,20/04/2017,12:33:00,0.024
603,20/04/2017,12:35:00,0.023
604,20/04/2017,12:37:00,0.021
605,20/04/2017,12:39:00,0.022
606,20/04/2017,12:41:00,0.021
607,20/04/2017,12:43:00,0.021
608,20/04/2017,12:45:00,0.021
609,20/04/2017,12:47:00,0.02
610,20/04/2017,12:49:00,0.021
611,20/04/2017,12:51:00,0.019
612,20/04/2017,12:53:00,0.02
613,20/04/2017,12:55:00,0.02
614,20/04/2017,12:57:00,0.019
615,20/04/2017,12:59:00,0.02
616,20/04/2017,13:01:00,0.019
617,20/04/2017,13:03:00,0.019
618,20/04/2017,13:05:00,0.018
619,20/04/2017,13:07:00,0.018
620,20/04/2017,13:09:00,0.018
621,20/04/2017,13:11:00,0.018
622,20/04/2017,13:13:00,0.018
623,20/04/2017,13:15:00,0.019
624,20/04/2017,13:17:00,0.018
625,20/04/2017,13:19:00,0.018
626,20/04/2017,13:21:00,0.017
627,20/04/2017,13:23:00,0.017
628,20/04/2017,13:25:00,0.017
629,20/04/2017,13:27:00,0.018
630,20/04/2017,13:29:00,0.017
631,20/04/2017,13:31:00,0.017
632,20/04/2017,13:33:00,0.017
633,20/04/2017,13:35:00,0.017
634,20/04/2017,13:37:00,0.017
635,20/04/2017,13:39:00,0.018
636,20/04/2017,13:41:00,0.017
637,20/04/2017,13:43:00,0.017
638,20/04/2017,13:45:00,0.017
639,20/04/2017,13:47:00,0.017
640,20/04/2017,13:49:00,0.017
641,20/04/2017,13:51:00,0.018
642,20/04/2017,13:53:00,0.017
643,20/04/2017,13:55:00,0.018
644,20/04/2017,13:57:00,0.018
645,20/04/2017,13:59:00,0.017
646,20/04/2017,14:01:00,0.018
647,20/04/2017,14:03:00,0.017
648,20/04/2017,14:05:00,0.019
649,20/04/2017,14:07:00,0.018
650,20/04/2017,14:09:00,0.018
651,20/04/2017,14:11:00,0.019
652,20/04/2017,14:13:00,0.02
653,20/04/2017,14:15:00,0.018
654,20/04/2017,14:17:00,0.019
655,20/04/2017,14:19:00,0.019
656,20/04/2017,14:21:00,0.02
657,20/04/2017,14:23:00,0.021
658,20/04/2017,14:25:00,0.021
659,20/04/2017,14:27:00,0.02
660,20/04/2017,14:29:00,0.02
661,20/04/2017,14:31:00,0.019
662,20/04/2017,14:33:00,0.019
663,20/04/2017,14:35:00,0.019
664,20/04/2017,14:37:00,0.021
665,20/04/2017,14:39:00,0.02
666,20/04/2017,14:41:00,0.02
667,20/04/2017,14:43:00,0.021
668,20/04/2017,14:45:00,0.019
669,20/04/2017,14:47:00,0.02
670,20/04/2017,14:49:00,0.019
671,20/04/2017,14:51:00,0.02
672,20/04/2017,14:53:00,0.021
673,20/04/2017,14:55:00,0.02
674,20/04/2017,14:57:00,0.022
675,20/04/2017,14:59:00,0.021
676,20/04/2017,15:01:00,0.024
677,20/04/2017,15:03:00,0.023
678,20/04/2017,15:05:00,0.022
679,20/04/2017,15:07:00,0.021
680,20/04/2017,15:09:00,0.019
681,20/04/2017,15:11:00,0.02
682,20/04/2017,15:13:00,0.019
683,20/04/2017,15:15:00,0.02
684,20/04/2017,15:17:00,0.019
685,20/04/2017,15:19:00,0.02
686,20/04/2017,15:21:00,0.019
687,20/04/2017,15:23:00,0.02
688,20/04/2017,15:25:00,0.019
689,20/04/2017,15:27:00,0.02
690,20/04/2017,15:29:00,0.019
691,20/04/2017,15:31:00,0.019
692,20/04/2017,15:33:00,0.02
693,20/04/2017,15:35:00,0.018
694,20/04/2017,15:37:00,0.019
695,20/04/2017,15:39:00,0.019
696,20/04/2017,15:41:00,0.019
697,20/04/2017,15:43:00,0.018
698,20/04/2017,15:45:00,0.018
699,20/04/2017,15:47:00,0.018
700,20/04/2017,15:49:00,0.02
701,20/04/2017,15:51:00,0.02
702,20/04/2017,15:53:00,0.018
703,20/04/2017,15:55:00,0.018
704,20/04/2017,15:57:00,0.019
705,20/04/2017,15:59:00,0.018
706,20/04/2017,16:01:00,0.018
707,20/04/2017,16:03:00,0.017
708,20/04/2017,16:05:00,0.018
709,20/04/2017,16:07:00,0.019
710,20/04/2017,16:09:00,0.017
711,20/04/2017,16:11:00,0.018
712,20/04/2017,16:13:00,0.018
713,20/04/2017,16:15:00,0.018
714,20/04/2017,16:17:00,0.018
715,20/04/2017,16:19:00,0.019
716,20/04/2017,16:21:00,0.019
717,20/04/2017,16:23:00,0.02
718,20/04/2017,16:25:00,0.02
719,20/04/2017,16:27:00,0.021
720,20/04/2017,16:29:00,0.02
