,Unnamed: 0,date time,millis,samp_temp,samp_press,samp_flow,pump_status,ozone,photo_samp_valve,photo_ref_valve,photo_samp_detect,photo_ref_detect,photo_raw_ozone,photo_ozone_noise,photo_lamp_temp,photo_enc_temp
45053,45053,2017-04-17 00:00:00,31.6,669.7,922,1,11.1,0,0,1.3019100000000001,1.3020200000000002,6.2,1.3,49.9,33.5,
45054,45054,2017-04-17 00:30:00,31.7,669.8,942,1,7.3,0,0,1.30386,1.30393,3.8,0.7,50.0,35.3,
45055,45055,2017-04-17 01:00:00,32.0,670.0,949,1,3.5,0,0,1.3040399999999999,1.30407,1.5,0.5,50.1,36.0,
45056,45056,2017-04-17 01:30:00,32.3,669.9,953,1,4.4,0,0,1.30356,1.3036,2.1,0.6,50.1,36.2,
45057,45057,2017-04-17 02:00:00,32.3,669.8,948,1,4.9,0,0,1.30281,1.30285,2.3,1.7,50.0,35.8,
45058,45058,2017-04-17 02:30:00,32.0,669.8,924,1,2.8,0,0,1.30185,1.30187,1.0,1.8,49.9,34.4,
45059,45059,2017-04-17 03:00:00,31.4,670.2,912,1,3.9,0,0,1.3021399999999999,1.30218,1.7,0.8,49.9,33.6,
45060,45060,2017-04-17 03:30:00,31.9,670.7,948,1,4.9,0,0,1.30388,1.30392,2.4,0.5,50.0,35.7,
45061,45061,2017-04-17 04:00:00,32.0,670.5,937,1,3.9,0,0,1.30264,1.30267,1.7,1.8,50.0,34.4,
45062,45062,2017-04-17 04:30:00,31.4,670.6,914,1,2.7,0,0,1.30233,1.30234,1.0,0.7,49.9,33.2,
45063,45063,2017-04-17 05:00:00,31.1,670.8,911,1,2.5,0,0,1.30308,1.3031,0.8,0.7,49.9,33.1,
45064,45064,2017-04-17 05:30:00,31.7,670.8,953,1,3.2,0,0,1.30479,1.30481,1.3,0.5,50.1,35.4,
45065,45065,2017-04-17 06:00:00,32.0,670.9,937,1,2.0,0,0,1.3035700000000001,1.30358,0.5,1.5,50.0,34.8,
45066,45066,2017-04-17 06:30:00,31.4,670.9,914,1,2.2,0,0,1.30263,1.30265,0.7,0.8,49.9,33.3,
45067,45067,2017-04-17 07:00:00,31.7,671.1,951,1,2.7,0,0,1.30436,1.3043799999999999,1.0,0.4,50.0,35.2,
45068,45068,2017-04-17 07:30:00,32.2,671.5,960,1,6.2,0,0,1.30387,1.30393,3.1,0.9,50.1,35.6,
45069,45069,2017-04-17 08:00:00,31.6,671.2,920,1,10.8,0,0,1.30215,1.30227,6.0,1.4,49.9,33.4,
45070,45070,2017-04-17 08:30:00,31.5,671.2,924,1,14.1,0,0,1.30308,1.3032299999999999,8.1,0.8,50.0,34.0,
45071,45071,2017-04-17 09:00:00,32.4,671.1,954,1,17.1,0,0,1.30375,1.3039399999999999,10.0,1.1,50.1,35.9,
45072,45072,2017-04-17 09:30:00,32.7,670.8,961,1,18.6,0,0,1.3030700000000002,1.3032700000000002,10.9,1.7,50.1,36.4,
45073,45073,2017-04-17 10:00:00,32.7,670.5,956,1,24.0,1,0,1.30152,1.30178,14.2,1.0,50.0,35.4,
45074,45074,2017-04-17 10:30:00,32.2,670.1,935,1,24.2,0,0,1.30051,1.3007799999999998,14.3,1.3,49.9,33.9,
45075,45075,2017-04-17 11:00:00,31.9,669.7,948,1,27.1,0,0,1.30115,1.30145,16.1,2.5,49.9,33.9,
45076,45076,2017-04-17 11:30:00,33.7,669.6,960,1,24.8,0,1,1.28051,1.2807899999999999,14.7,1.3,45.9,35.4,
45077,45077,2017-04-17 12:00:00,33.0,669.2,953,1,30.0,0,0,1.27684,1.2771700000000001,17.9,1.5,48.4,34.1,
45078,45078,2017-04-17 12:30:00,32.3,668.6,944,1,33.4,0,0,1.28351,1.28387,20.0,1.4,48.8,33.7,
45079,45079,2017-04-17 13:00:00,32.1,668.3,950,1,34.6,0,0,1.28857,1.28895,20.7,1.4,49.1,33.6,
45080,45080,2017-04-17 13:30:00,32.1,668.0,943,1,27.9,0,0,1.29221,1.29251,16.6,1.1,49.4,33.7,
45081,45081,2017-04-17 14:00:00,32.4,667.8,955,1,27.1,0,0,1.29574,1.2960399999999999,16.1,2.1,49.6,35.1,
45082,45082,2017-04-17 14:30:00,33.0,667.5,961,1,35.6,0,0,1.2964799999999999,1.29688,21.3,1.1,49.8,35.5,
45083,45083,2017-04-17 15:00:00,32.8,667.4,955,1,44.8,0,0,1.29656,1.29706,27.0,1.3,49.8,34.7,
45084,45084,2017-04-17 15:30:00,32.3,667.0,943,1,34.5,0,0,1.2975,1.29788,20.6,1.4,49.8,33.9,
45085,45085,2017-04-17 16:00:00,32.1,667.0,945,1,28.4,0,0,1.29862,1.29893,16.9,1.2,49.8,33.7,
45086,45086,2017-04-17 16:30:00,32.5,667.3,975,1,25.5,0,0,1.30057,1.30084,15.0,2.1,50.0,35.5,
45087,45087,2017-04-17 17:00:00,32.8,667.5,963,1,17.3,0,0,1.3002200000000002,1.3004,10.0,0.9,50.0,35.5,
45088,45088,2017-04-17 17:30:00,31.9,667.8,938,1,15.5,0,0,1.29952,1.29968,8.9,1.1,49.9,33.6,
45089,45089,2017-04-17 18:00:00,31.4,668.2,927,1,7.0,0,0,1.30061,1.30067,3.6,1.6,49.9,33.1,
45090,45090,2017-04-17 18:30:00,31.2,668.6,926,1,3.6,0,0,1.30152,1.30154,1.5,0.8,49.9,32.9,
45091,45091,2017-04-17 19:00:00,31.2,669.0,944,1,5.6,0,0,1.30271,1.3027600000000001,2.8,0.9,50.0,33.6,
45092,45092,2017-04-17 19:30:00,31.8,669.4,962,1,4.1,0,0,1.3039,1.3039399999999999,1.9,0.6,50.1,35.6,
45093,45093,2017-04-17 20:00:00,32.2,669.8,964,1,2.7,0,0,1.3033,1.30332,1.0,0.6,50.1,36.0,
45094,45094,2017-04-17 20:30:00,32.4,670.0,967,1,3.2,0,0,1.30263,1.30266,1.3,1.2,50.1,36.2,
45095,45095,2017-04-17 21:00:00,32.4,670.3,968,1,3.7,0,0,1.30215,1.30218,1.6,2.6,50.1,36.2,
45096,45096,2017-04-17 21:30:00,32.5,670.4,966,1,1.4,0,0,1.30182,1.30182,0.2,1.6,50.1,36.4,
45097,45097,2017-04-17 22:00:00,32.1,670.3,934,1,2.2,0,0,1.3002200000000002,1.30023,0.7,0.8,49.9,34.1,
45098,45098,2017-04-17 22:30:00,31.3,670.4,918,1,2.4,0,0,1.3005799999999998,1.3006,0.8,1.1,49.9,33.0,
45099,45099,2017-04-17 23:00:00,31.0,670.3,913,1,2.9,0,0,1.3016,1.3016299999999998,1.1,0.8,49.9,32.7,
45100,45100,2017-04-17 23:30:00,31.0,670.3,928,1,2.9,0,0,1.30283,1.30285,1.1,0.7,49.9,33.5,
45101,45101,2017-04-18 00:00:00,31.7,670.0,962,1,0.8,0,0,1.30397,1.30397,-0.2,0.4,50.1,35.6,
45102,45102,2017-04-18 00:30:00,32.1,669.9,965,1,1.7,0,0,1.30338,1.30339,0.4,0.6,50.1,36.0,
45103,45103,2017-04-18 01:00:00,32.3,669.6,966,1,1.7,0,0,1.3026799999999998,1.30269,0.3,1.2,50.1,36.2,
45104,45104,2017-04-18 01:30:00,32.4,669.4,966,1,2.1,0,0,1.30215,1.30216,0.6,2.5,50.1,36.3,
45105,45105,2017-04-18 02:00:00,32.4,669.2,962,1,1.7,0,0,1.30175,1.30175,0.3,2.9,50.1,36.2,
45106,45106,2017-04-18 02:30:00,31.9,668.9,930,1,1.9,0,0,1.30006,1.30007,0.4,1.1,49.9,33.8,
45107,45107,2017-04-18 03:00:00,31.4,669.1,928,1,2.2,0,0,1.30104,1.30105,0.6,0.9,49.9,33.7,
45108,45108,2017-04-18 03:30:00,31.9,669.3,964,1,2.4,0,0,1.3026200000000001,1.30263,0.8,0.5,50.0,35.7,
45109,45109,2017-04-18 04:00:00,31.7,669.2,931,1,1.8,1,0,1.301,1.30101,0.4,1.7,49.9,33.9,
45110,45110,2017-04-18 04:30:00,31.5,669.4,939,1,0.6,0,0,1.30187,1.30187,-0.3,0.6,50.0,34.3,
45111,45111,2017-04-18 05:00:00,31.9,669.7,959,1,0.8,0,0,1.30235,1.30235,-0.2,1.2,50.0,35.3,
45112,45112,2017-04-18 05:30:00,32.1,670.0,955,1,0.8,0,0,1.30207,1.30207,-0.2,1.5,50.0,35.4,
45113,45113,2017-04-18 06:00:00,32.2,670.2,954,1,0.2,0,0,1.3018399999999999,1.3018299999999998,-0.6,2.6,50.0,35.6,
45114,45114,2017-04-18 06:30:00,31.7,670.1,924,1,1.1,0,0,1.30045,1.30045,0.0,1.2,49.9,33.5,
45115,45115,2017-04-18 07:00:00,31.3,670.4,933,1,4.8,0,0,1.3015,1.30154,2.3,0.7,49.9,33.8,
45116,45116,2017-04-18 07:30:00,32.0,670.7,972,1,8.2,0,0,1.30266,1.30275,4.4,1.2,50.1,35.7,
45117,45117,2017-04-18 08:00:00,32.4,670.8,976,1,13.0,0,0,1.30179,1.30193,7.4,2.3,50.1,35.8,
45118,45118,2017-04-18 08:30:00,31.9,670.7,940,1,16.5,0,0,1.29995,1.30013,9.6,1.3,49.9,33.6,
45119,45119,2017-04-18 09:00:00,31.5,670.7,943,1,24.2,0,0,1.3003200000000001,1.3006,14.4,2.4,49.9,33.3,
45120,45120,2017-04-18 09:30:00,31.4,670.7,944,1,38.7,0,0,1.30061,1.30105,23.4,1.8,49.9,33.3,
45121,45121,2017-04-18 10:00:00,31.4,670.5,940,1,47.2,0,0,1.30085,1.30138,28.7,3.6,49.9,33.4,
45122,45122,2017-04-18 10:30:00,31.9,670.5,969,1,54.2,0,0,1.30216,1.3027799999999998,33.1,1.6,50.1,35.3,
45123,45123,2017-04-18 11:00:00,32.0,670.1,950,1,61.5,0,0,1.30047,1.30116,37.5,2.2,50.0,34.1,
45124,45124,2017-04-18 11:30:00,31.8,669.8,933,1,56.2,0,0,1.3002200000000002,1.30085,34.2,2.5,50.0,33.6,
45125,45125,2017-04-18 12:00:00,32.2,669.5,965,1,47.7,0,0,1.30151,1.3020399999999999,28.9,2.5,50.1,35.3,
45126,45126,2017-04-18 12:30:00,32.1,668.7,936,1,38.2,0,0,1.30003,1.30044,22.9,1.1,50.0,33.9,
45127,45127,2017-04-18 13:00:00,31.9,668.3,932,1,26.4,0,0,1.30026,1.30055,15.6,1.4,50.0,33.9,
45128,45128,2017-04-18 13:30:00,32.3,668.3,960,1,23.4,0,0,1.30104,1.30129,13.8,1.3,50.1,35.0,
45129,45129,2017-04-18 14:00:00,32.0,667.8,934,1,22.7,0,0,1.29998,1.30023,13.4,1.0,50.0,33.7,
45130,45130,2017-04-18 14:30:00,31.7,667.7,930,1,25.2,0,0,1.3003,1.3005799999999998,14.9,1.3,50.0,33.5,
45131,45131,2017-04-18 15:00:00,31.6,667.6,937,1,24.7,0,0,1.30064,1.30091,14.6,2.9,50.0,33.4,
45132,45132,2017-04-18 15:30:00,31.9,667.8,962,1,21.7,0,0,1.3018399999999999,1.30207,12.7,1.7,50.1,35.0,
45133,45133,2017-04-18 16:00:00,32.5,667.9,980,1,22.0,0,0,1.30164,1.30188,12.9,1.7,50.1,35.8,
45134,45134,2017-04-18 16:30:00,32.5,668.2,986,1,17.5,0,0,1.30111,1.3013,10.1,1.6,50.1,35.8,
45135,45135,2017-04-18 17:00:00,32.8,667.9,994,1,15.6,0,0,1.30094,1.30111,9.0,1.4,50.1,36.5,
45136,45136,2017-04-18 17:30:00,33.0,667.8,982,1,17.9,0,0,1.30027,1.30045,10.3,1.2,50.1,36.7,
45137,45137,2017-04-18 18:00:00,33.0,668.3,990,1,13.0,0,0,1.2998299999999998,1.29996,7.4,1.1,50.1,36.7,
45138,45138,2017-04-18 18:30:00,32.9,668.5,987,1,11.4,0,0,1.29949,1.29961,6.4,1.1,50.0,36.6,
45139,45139,2017-04-18 19:00:00,32.4,669.0,965,1,9.1,0,0,1.29833,1.2984200000000001,5.0,1.2,49.9,34.7,
45140,45140,2017-04-18 19:30:00,31.4,669.5,933,1,8.0,0,0,1.2985,1.29859,4.3,1.4,49.8,33.1,
45141,45141,2017-04-18 20:00:00,31.0,670.0,916,1,11.0,0,0,1.29975,1.29985,6.1,0.8,49.8,32.8,
45142,45142,2017-04-18 20:30:00,31.4,670.3,950,1,5.0,0,0,1.30179,1.3018299999999998,2.4,0.8,50.0,34.8,
45143,45143,2017-04-18 21:00:00,32.0,671.1,967,1,3.7,0,0,1.3019999999999998,1.30203,1.6,0.6,50.1,35.9,
45144,45144,2017-04-18 21:30:00,32.3,671.2,971,1,4.3,0,0,1.30136,1.3014,1.9,1.1,50.1,36.2,
45145,45145,2017-04-18 22:00:00,32.5,671.0,973,1,4.1,0,0,1.30083,1.30087,1.9,2.8,50.1,36.3,
45146,45146,2017-04-18 22:30:00,32.2,670.9,945,1,6.3,0,0,1.29925,1.29931,3.2,0.8,50.0,34.6,
45147,45147,2017-04-18 23:00:00,31.5,670.8,923,1,10.7,0,0,1.29916,1.2992700000000001,6.0,1.4,49.9,33.6,
45148,45148,2017-04-18 23:30:00,31.9,670.7,965,1,11.3,0,0,1.3010700000000002,1.30118,6.3,0.5,50.0,35.6,
45149,45149,2017-04-19 00:00:00,32.3,670.5,969,1,13.5,0,0,1.30055,1.3007,7.7,1.8,50.1,35.8,
45150,45150,2017-04-19 00:30:00,31.9,669.8,935,1,13.0,0,0,1.29911,1.29924,7.4,1.0,49.9,33.9,
45151,45151,2017-04-19 01:00:00,31.5,669.8,936,1,12.2,0,0,1.29967,1.29979,6.9,1.5,49.9,33.7,
45152,45152,2017-04-19 01:30:00,32.0,670.0,965,1,8.5,0,0,1.3010700000000002,1.30115,4.6,0.9,50.1,35.5,
45153,45153,2017-04-19 02:00:00,31.7,669.9,926,1,4.9,0,0,1.29959,1.2996299999999998,2.3,1.5,49.9,33.6,
45154,45154,2017-04-19 02:30:00,31.4,670.0,927,1,4.6,0,0,1.3004200000000001,1.30046,2.2,0.6,49.9,33.9,
45155,45155,2017-04-19 03:00:00,32.0,670.3,958,1,5.4,0,0,1.30158,1.30164,2.6,1.2,50.1,35.8,
45156,45156,2017-04-19 03:30:00,31.8,669.9,927,1,4.8,0,0,1.29974,1.29978,2.2,1.2,50.0,33.8,
45157,45157,2017-04-19 04:00:00,31.3,669.8,916,1,4.7,0,0,1.29995,1.29999,2.2,1.3,49.9,33.2,
45158,45158,2017-04-19 04:30:00,31.1,670.2,920,1,3.5,0,0,1.30056,1.30059,1.5,0.7,49.9,33.2,
45159,45159,2017-04-19 05:00:00,31.6,670.5,958,1,3.6,0,0,1.30213,1.30216,1.5,0.6,50.1,35.4,
45160,45160,2017-04-19 05:30:00,32.1,671.1,970,1,3.0,0,0,1.30172,1.30174,1.2,0.6,50.1,36.1,
45161,45161,2017-04-19 06:00:00,32.4,671.1,974,1,2.8,0,0,1.3009700000000002,1.3009899999999999,1.1,2.4,50.1,36.3,
45162,45162,2017-04-19 06:30:00,32.3,671.0,956,1,1.1,0,1,1.29969,1.29969,0.0,1.9,50.0,35.3,
45163,45163,2017-04-19 07:00:00,32.0,671.2,951,1,3.0,0,0,1.29959,1.29961,1.1,0.8,50.0,35.0,
45164,45164,2017-04-19 07:30:00,32.2,671.6,964,1,2.8,0,0,1.29974,1.29976,1.0,1.0,50.0,35.2,
45165,45165,2017-04-19 08:00:00,32.2,671.6,965,1,6.2,0,0,1.29987,1.29993,3.2,1.5,50.0,35.6,
45166,45166,2017-04-19 08:30:00,32.4,671.6,971,1,13.1,0,0,1.29967,1.2998100000000001,7.4,2.0,50.0,35.8,
45167,45167,2017-04-19 09:00:00,32.5,671.5,973,1,16.1,0,0,1.2996299999999998,1.2998,9.3,2.1,50.1,36.3,
45168,45168,2017-04-19 09:30:00,32.7,671.1,969,1,17.7,0,0,1.29856,1.29875,10.3,0.9,50.0,35.5,
45169,45169,2017-04-19 10:00:00,32.1,670.8,943,1,17.5,0,0,1.29735,1.29754,10.2,1.2,49.9,33.6,
45170,45170,2017-04-19 10:30:00,31.8,670.7,938,1,21.6,0,0,1.2982,1.29844,12.7,1.7,49.9,33.8,
45171,45171,2017-04-19 11:00:00,32.6,670.7,987,1,24.2,0,0,1.2998100000000001,1.30008,14.3,1.7,50.1,36.1,
45172,45172,2017-04-19 11:30:00,32.5,670.2,956,1,30.7,0,0,1.2978399999999999,1.29819,18.4,1.3,50.0,34.5,
45173,45173,2017-04-19 12:00:00,32.0,669.7,939,1,36.9,0,0,1.2975299999999999,1.29795,22.2,2.3,49.9,33.6,
45174,45174,2017-04-19 12:30:00,31.8,669.4,939,1,35.2,0,0,1.29831,1.2987,21.2,1.7,49.9,33.8,
45175,45175,2017-04-19 13:00:00,32.5,669.3,976,1,31.4,0,0,1.29978,1.3001200000000002,18.8,2.0,50.1,35.9,
45176,45176,2017-04-19 13:30:00,32.3,668.8,955,1,26.4,0,0,1.2985200000000001,1.29881,15.7,1.9,50.0,34.8,
45177,45177,2017-04-19 14:00:00,32.6,668.5,966,1,27.3,0,0,1.29849,1.2988,16.2,1.4,50.0,35.3,
45178,45178,2017-04-19 14:30:00,32.0,668.1,932,1,27.8,0,0,1.2976,1.2979,16.6,1.1,49.9,33.7,
45179,45179,2017-04-19 15:00:00,32.0,668.1,936,1,25.0,0,0,1.2982200000000002,1.29849,14.8,1.9,50.0,34.5,
45180,45180,2017-04-19 15:30:00,32.8,668.1,993,1,24.7,0,0,1.29845,1.29872,14.6,2.2,50.1,35.4,
45181,45181,2017-04-19 16:00:00,34.4,668.2,972,1,23.3,0,0,1.29741,1.29766,13.6,2.7,50.2,36.8,
45182,45182,2017-04-19 16:30:00,36.9,668.1,972,1,22.6,0,0,1.27554,1.27578,13.1,2.4,46.3,37.9,
45183,45183,2017-04-19 17:00:00,37.6,668.4,967,1,16.6,0,0,1.2711700000000001,1.27134,9.4,2.7,48.9,38.8,
45184,45184,2017-04-19 17:30:00,36.4,668.5,964,1,8.5,0,0,1.27424,1.2743200000000001,4.5,2.0,49.0,37.3,
45185,45185,2017-04-19 18:00:00,34.3,669.1,956,1,2.8,0,0,1.27873,1.27875,1.0,0.9,49.1,35.7,
45186,45186,2017-04-19 18:30:00,33.7,669.3,949,1,4.3,0,0,1.2832,1.2832299999999999,1.9,1.3,49.3,35.5,
45187,45187,2017-04-19 19:00:00,33.5,669.5,947,1,3.3,0,0,1.2863,1.2863200000000001,1.3,2.7,49.5,35.4,
45188,45188,2017-04-19 19:30:00,33.5,669.7,944,1,3.5,0,0,1.2884,1.28843,1.5,3.4,49.6,35.4,
45189,45189,2017-04-19 20:00:00,33.5,670.1,943,1,1.4,0,0,1.2899200000000002,1.2899200000000002,0.2,3.5,49.7,35.5,
45190,45190,2017-04-19 20:30:00,33.4,670.4,944,1,0.4,0,0,1.29102,1.29101,-0.5,2.9,49.8,35.5,
45191,45191,2017-04-19 21:00:00,33.5,670.5,943,1,1.2,0,0,1.29177,1.29177,0.0,2.2,49.9,35.6,
45192,45192,2017-04-19 21:30:00,33.5,670.7,945,1,0.5,0,0,1.2922799999999999,1.29227,-0.4,1.6,49.9,35.6,
45193,45193,2017-04-19 22:00:00,33.5,670.8,944,1,-0.3,0,0,1.29271,1.29269,-0.9,1.6,49.9,35.7,
45194,45194,2017-04-19 22:30:00,33.6,670.9,942,1,-0.1,0,0,1.2928600000000001,1.29285,-0.8,0.9,50.0,35.6,
45195,45195,2017-04-19 23:00:00,33.6,670.9,944,1,-0.3,0,0,1.2929899999999999,1.2929700000000002,-0.9,0.8,50.0,35.7,
45196,45196,2017-04-19 23:30:00,33.5,670.7,942,1,-0.2,0,0,1.29311,1.2931,-0.8,1.2,50.0,35.6,
45197,45197,2017-04-20 00:00:00,33.5,670.5,950,1,-0.5,0,0,1.29332,1.2933,-1.0,1.4,50.0,35.7,
45198,45198,2017-04-20 00:30:00,33.5,670.3,939,1,-0.2,0,0,1.2933,1.29328,-0.9,1.1,50.0,35.7,
45199,45199,2017-04-20 01:00:00,33.5,670.0,934,1,-0.2,0,0,1.29328,1.29326,-0.8,0.9,50.0,35.7,
45200,45200,2017-04-20 01:30:00,33.6,669.8,936,1,-0.2,0,0,1.29332,1.2933,-0.9,0.7,50.0,35.7,
45201,45201,2017-04-20 02:00:00,33.6,669.9,934,1,-0.3,0,0,1.2932299999999999,1.29322,-0.9,0.8,50.0,35.7,
45202,45202,2017-04-20 02:30:00,33.6,670.0,938,1,-0.3,0,0,1.2932,1.29318,-0.9,0.8,50.0,35.7,
45203,45203,2017-04-20 03:00:00,33.6,669.8,936,1,-0.3,0,0,1.2932,1.29318,-0.9,1.0,50.0,35.7,
45204,45204,2017-04-20 03:30:00,33.6,669.9,944,1,0.3,0,0,1.2932299999999999,1.29322,-0.6,1.0,50.0,35.7,
45205,45205,2017-04-20 04:00:00,33.6,669.8,940,1,-0.3,0,0,1.29302,1.2930000000000001,-0.9,1.0,50.0,35.5,
45206,45206,2017-04-20 04:30:00,33.7,670.4,945,1,-0.3,0,0,1.29321,1.29319,-0.9,0.7,50.0,35.8,
45207,45207,2017-04-20 05:00:00,33.7,670.5,944,1,-0.2,0,1,1.2929899999999999,1.2929700000000002,-0.8,0.8,50.0,35.7,
45208,45208,2017-04-20 05:30:00,33.6,670.6,945,1,0.0,0,0,1.2929700000000002,1.29295,-0.7,0.7,50.0,35.7,
45209,45209,2017-04-20 06:00:00,33.6,670.7,948,1,0.2,0,0,1.2928899999999999,1.29288,-0.6,0.7,50.0,35.7,
45210,45210,2017-04-20 06:30:00,33.5,670.8,948,1,0.1,0,0,1.2929,1.2928899999999999,-0.7,1.6,50.0,35.6,
45211,45211,2017-04-20 07:00:00,33.3,671.0,944,1,1.7,0,0,1.2929700000000002,1.29298,0.4,2.5,50.0,35.4,
45212,45212,2017-04-20 07:30:00,33.1,670.9,949,1,4.1,0,0,1.29322,1.29326,1.8,0.6,50.0,35.2,
45213,45213,2017-04-20 08:00:00,32.9,671.0,947,1,8.5,0,0,1.29345,1.29354,4.6,0.8,49.9,35.0,
45214,45214,2017-04-20 08:30:00,32.7,671.0,946,1,10.4,0,0,1.29378,1.29389,5.8,0.8,49.9,34.9,
45215,45215,2017-04-20 09:00:00,32.7,671.1,952,1,11.0,0,0,1.29408,1.29419,6.1,0.8,50.0,34.9,
45216,45216,2017-04-20 09:30:00,33.1,670.9,998,1,16.6,0,0,1.2945200000000001,1.2947,9.6,1.3,50.0,35.4,
45217,45217,2017-04-20 10:00:00,35.5,670.5,1020,1,22.1,0,0,1.2937,1.2939399999999999,12.9,2.3,50.3,37.2,
45218,45218,2017-04-20 10:30:00,38.1,670.2,1071,1,29.6,0,0,1.29074,1.2910700000000002,17.4,3.3,50.5,39.4,
45219,45219,2017-04-20 11:00:00,39.7,669.9,1112,1,35.7,0,0,1.28633,1.28673,21.0,2.5,50.5,40.8,
45220,45220,2017-04-20 12:00:00,34.1,669.9,673,1,30.9,0,0,1.2280799999999998,1.22833,18.5,1.4,41.7,34.6,
45221,45221,2017-04-20 12:30:00,35.1,669.6,745,1,26.8,0,0,1.2722,1.2724799999999998,15.8,1.7,48.7,37.1,
45222,45222,2017-04-20 13:00:00,34.8,668.9,759,1,25.3,0,0,1.27795,1.2782200000000001,14.9,1.9,49.1,37.3,
45223,45223,2017-04-20 13:30:00,34.6,668.3,763,1,25.7,0,0,1.28239,1.28267,15.1,1.0,49.3,37.1,
45224,45224,2017-04-20 14:00:00,34.8,667.9,765,1,31.6,0,0,1.28549,1.2858399999999999,18.7,1.8,49.5,37.4,
45225,45225,2017-04-20 14:30:00,35.7,667.9,767,1,32.7,0,0,1.2873299999999999,1.28769,19.3,1.2,49.7,37.6,
45226,45226,2017-04-20 15:00:00,37.4,667.8,766,1,30.5,0,0,1.28748,1.2878100000000001,17.9,1.5,49.9,38.3,
45227,45227,2017-04-20 15:30:00,38.8,667.8,768,1,30.6,0,0,1.28672,1.28705,17.8,0.8,50.1,39.2,
45228,45228,2017-04-20 16:00:00,38.9,667.8,769,1,25.9,0,0,1.28528,1.28555,15.0,1.0,50.0,39.6,
45229,45229,2017-04-20 16:30:00,35.2,668.2,774,1,23.1,0,0,1.28566,1.28591,13.5,1.2,49.7,37.3,
45230,45230,2017-04-20 17:00:00,32.9,668.8,776,1,21.5,0,0,1.28902,1.28925,12.6,1.2,49.6,35.7,
45231,45231,2017-04-20 17:30:00,32.1,669.1,776,1,19.8,0,0,1.29199,1.2922,11.6,0.9,49.6,35.0,
45232,45232,2017-04-20 18:00:00,31.8,669.6,774,1,18.0,0,0,1.29426,1.29445,10.5,0.7,49.7,34.8,
45233,45233,2017-04-20 18:30:00,31.7,670.1,774,1,13.2,0,0,1.29599,1.29613,7.5,1.1,49.8,34.8,
45234,45234,2017-04-20 19:00:00,32.5,670.5,775,1,12.7,0,0,1.29809,1.29823,7.2,1.0,50.0,35.8,
45235,45235,2017-04-20 19:30:00,32.3,670.8,775,1,12.2,0,0,1.29738,1.29749,6.8,0.8,49.9,35.3,
45236,45236,2017-04-20 20:00:00,32.6,671.2,775,1,6.6,0,0,1.29834,1.2984200000000001,3.4,0.9,50.0,35.8,
45237,45237,2017-04-20 20:30:00,32.3,671.4,774,1,10.2,0,0,1.29796,1.29807,5.6,0.7,49.9,35.3,
45238,45238,2017-04-20 21:00:00,32.3,671.6,775,1,16.7,0,0,1.2983200000000001,1.2985,9.7,0.7,50.0,35.3,
45239,45239,2017-04-20 21:30:00,32.3,671.8,775,1,16.6,0,0,1.29851,1.29869,9.6,0.7,50.0,35.3,
45240,45240,2017-04-20 22:00:00,32.5,672.1,777,1,8.7,0,0,1.2992299999999999,1.29931,4.7,1.2,50.0,35.5,
45241,45241,2017-04-20 22:30:00,32.4,671.9,777,1,3.5,0,0,1.29893,1.2989600000000001,1.5,0.6,50.0,35.4,
45242,45242,2017-04-20 23:00:00,32.3,671.6,776,1,3.3,0,0,1.2991,1.29913,1.4,0.6,50.0,35.2,
45243,45243,2017-04-20 23:30:00,32.2,671.2,777,1,4.1,0,0,1.29935,1.29938,1.8,0.7,50.0,35.2,
45244,45244,2017-04-21 00:00:00,32.2,671.0,777,1,3.1,0,0,1.2996,1.29962,1.2,0.6,50.0,35.2,
45245,45245,2017-04-21 00:30:00,32.3,670.9,778,1,1.3,0,1,1.30025,1.30026,0.1,0.5,50.0,35.4,
45246,45246,2017-04-21 01:00:00,32.3,670.5,776,1,3.5,0,0,1.29977,1.2998,1.4,0.7,50.0,35.3,
45247,45247,2017-04-21 01:30:00,32.5,670.4,777,1,3.2,0,0,1.30006,1.30008,1.2,0.5,50.0,35.6,
45248,45248,2017-04-21 02:00:00,32.2,670.4,776,1,1.7,0,0,1.29969,1.2997,0.4,0.5,50.0,35.2,
45249,45249,2017-04-21 02:30:00,32.2,670.3,776,1,0.5,0,0,1.29992,1.2999100000000001,-0.4,0.6,50.0,35.1,
45250,45250,2017-04-21 03:00:00,32.2,670.3,776,1,0.8,0,0,1.3001,1.3001,-0.2,0.6,50.0,35.1,
45251,45251,2017-04-21 03:30:00,32.1,670.4,775,1,1.6,0,0,1.30019,1.3002,0.3,0.6,50.0,35.1,
45252,45252,2017-04-21 04:00:00,32.1,670.5,776,1,2.8,0,0,1.3002799999999999,1.3003,1.0,0.6,50.0,35.1,
45253,45253,2017-04-21 04:30:00,32.1,670.6,774,1,3.2,0,0,1.30036,1.30039,1.3,0.5,50.0,35.1,
45254,45254,2017-04-21 05:00:00,32.1,670.8,775,1,1.3,0,0,1.3004200000000001,1.3004200000000001,0.1,0.5,50.0,35.1,
45255,45255,2017-04-21 05:30:00,32.1,671.0,775,1,0.9,0,0,1.30046,1.30046,-0.2,0.5,50.0,35.1,
45256,45256,2017-04-21 06:00:00,32.1,671.4,775,1,0.7,0,0,1.30051,1.3005,-0.3,0.6,50.0,35.1,
45257,45257,2017-04-21 06:30:00,32.1,671.8,774,1,0.4,0,0,1.30055,1.30055,-0.5,0.5,50.0,35.1,
45258,45258,2017-04-21 07:00:00,32.0,672.1,772,1,0.7,0,0,1.30062,1.30062,-0.3,0.5,50.0,35.0,
45259,45259,2017-04-21 07:30:00,31.9,672.4,772,1,2.5,0,0,1.3007,1.30072,0.8,0.5,50.0,34.9,
45260,45260,2017-04-21 08:00:00,31.9,672.6,772,1,4.9,0,0,1.3007799999999998,1.30082,2.4,0.6,50.0,34.9,
45261,45261,2017-04-21 08:30:00,32.1,672.4,774,1,6.9,0,0,1.30124,1.30131,3.6,0.7,50.0,35.1,
45262,45262,2017-04-21 09:00:00,32.1,672.2,777,1,11.1,0,0,1.30073,1.30084,6.2,0.6,50.0,35.0,
45263,45263,2017-04-21 09:30:00,32.1,671.9,777,1,14.3,0,0,1.3007,1.3008600000000001,8.2,0.8,50.0,35.1,
45264,45264,2017-04-21 10:00:00,32.4,671.7,776,1,18.8,0,0,1.30053,1.30074,11.0,1.1,50.0,35.3,
45265,45265,2017-04-21 10:30:00,33.0,671.6,777,1,21.7,0,0,1.3002799999999999,1.3005200000000001,12.8,1.2,50.1,35.7,
45266,45266,2017-04-21 11:00:00,36.0,671.0,773,1,26.5,0,0,1.29866,1.29895,15.6,1.6,50.3,37.4,
45267,45267,2017-04-21 11:30:00,38.4,670.5,772,1,30.6,0,0,1.295,1.29534,17.9,1.4,50.5,39.4,
45268,45268,2017-04-21 12:00:00,39.9,669.9,773,1,36.5,0,0,1.29106,1.29146,21.4,1.6,50.5,41.0,
45269,45269,2017-04-21 12:30:00,37.1,669.5,775,1,42.4,0,0,1.28705,1.28752,25.3,1.4,50.0,38.2,
45270,45270,2017-04-21 13:00:00,34.5,669.3,775,1,43.9,0,0,1.28864,1.2891299999999999,26.3,1.4,49.8,35.9,
45271,45271,2017-04-21 13:30:00,33.9,668.9,777,1,37.3,0,0,1.2912700000000001,1.29168,22.3,1.4,49.8,35.8,
45272,45272,2017-04-21 14:00:00,34.0,668.5,779,1,40.6,0,0,1.29246,1.2929,24.3,1.1,49.9,35.8,
45273,45273,2017-04-21 14:30:00,36.3,668.0,772,1,25.6,0,0,1.29281,1.29309,14.9,2.3,50.1,37.7,
45274,45274,2017-04-21 15:00:00,38.4,667.7,770,1,24.3,0,0,1.29055,1.29082,14.0,3.3,50.3,39.2,
45275,45275,2017-04-21 15:30:00,39.7,667.6,768,1,24.3,0,0,1.28805,1.28831,14.0,3.7,50.3,40.2,
45276,45276,2017-04-21 16:00:00,40.3,667.6,767,1,23.3,0,0,1.28555,1.2858,13.4,3.7,50.3,40.7,
45277,45277,2017-04-21 16:30:00,40.4,667.6,768,1,23.1,0,0,1.28367,1.2839200000000002,13.2,1.5,50.2,41.1,
45278,45278,2017-04-21 17:00:00,40.2,667.9,762,1,19.9,0,0,1.28214,1.28235,11.3,1.3,50.1,40.9,
45279,45279,2017-04-21 17:30:00,36.6,668.2,774,1,16.6,0,0,1.28138,1.28155,9.4,1.1,49.8,38.4,
45280,45280,2017-04-21 18:00:00,33.5,668.6,776,1,10.3,0,0,1.28511,1.28521,5.7,1.2,49.6,36.4,
45281,45281,2017-04-21 18:30:00,32.4,668.9,777,1,12.2,0,0,1.28862,1.28874,6.8,1.2,49.6,35.5,
45282,45282,2017-04-21 19:00:00,32.0,669.2,777,1,9.1,0,0,1.2913700000000001,1.2914700000000001,5.0,1.4,49.7,35.2,
45283,45283,2017-04-21 19:30:00,31.8,669.6,778,1,9.5,0,0,1.2933700000000001,1.2934700000000001,5.2,1.0,49.7,35.0,
45284,45284,2017-04-21 20:00:00,31.7,670.0,778,1,4.2,0,0,1.29493,1.29496,1.9,0.7,49.8,35.0,
45285,45285,2017-04-21 20:30:00,31.7,670.2,783,1,3.7,0,0,1.29603,1.29606,1.6,0.8,49.9,35.0,
45286,45286,2017-04-21 21:00:00,31.7,670.4,785,1,2.2,0,0,1.29688,1.2968899999999999,0.7,0.8,49.9,35.0,
45287,45287,2017-04-21 21:30:00,32.0,670.5,777,1,1.6,0,0,1.29806,1.29807,0.3,1.3,50.0,35.3,
45288,45288,2017-04-21 22:00:00,32.1,670.4,787,1,0.6,0,0,1.2978399999999999,1.2978399999999999,-0.3,0.6,50.0,35.3,
45289,45289,2017-04-21 22:30:00,31.9,670.3,791,1,1.1,0,0,1.29795,1.29795,0.0,0.6,50.0,35.1,
45290,45290,2017-04-21 23:00:00,31.8,670.0,792,1,0.8,0,0,1.29837,1.29837,-0.2,0.6,50.0,35.0,
45291,45291,2017-04-21 23:30:00,31.8,669.7,792,1,0.6,0,0,1.29866,1.29866,-0.3,0.6,50.0,35.0,
45292,45292,2017-04-22 00:00:00,31.8,669.6,791,1,0.3,0,0,1.2989,1.2988899999999999,-0.5,0.6,50.0,35.0,
45293,45293,2017-04-22 00:30:00,32.0,669.5,791,1,0.1,0,0,1.29967,1.29966,-0.6,0.8,50.0,35.4,
45294,45294,2017-04-22 01:00:00,32.2,669.3,792,1,0.2,0,0,1.29898,1.2989700000000002,-0.6,0.6,50.0,35.4,
45295,45295,2017-04-22 01:30:00,31.9,669.1,788,1,0.0,0,0,1.29887,1.2988600000000001,-0.7,0.6,50.0,35.2,
45296,45296,2017-04-22 02:00:00,32.3,669.1,797,1,-0.2,0,0,1.2995299999999999,1.29951,-0.8,0.8,50.1,35.6,
45297,45297,2017-04-22 02:30:00,32.0,668.9,792,1,0.0,0,0,1.29877,1.2987600000000001,-0.7,0.5,50.0,35.2,
45298,45298,2017-04-22 03:00:00,32.3,669.0,791,1,0.2,1,0,1.29958,1.2995700000000001,-0.6,0.7,50.0,35.6,
45299,45299,2017-04-22 03:30:00,32.1,669.1,791,1,0.1,0,0,1.29877,1.2987600000000001,-0.6,0.5,50.0,35.3,
45300,45300,2017-04-22 04:00:00,31.9,669.3,786,1,0.1,0,0,1.29893,1.29892,-0.6,0.5,50.0,35.1,
45301,45301,2017-04-22 04:30:00,32.3,669.6,790,1,0.0,0,0,1.29996,1.29995,-0.7,0.7,50.1,35.7,
